believes,[(1, 1), (26, 1), (32, 1), (69, 1), (76, 1), (131, 1), (145, 3), (165, 1), (175, 1), (178, 1), (180, 1), (181, 1), (191, 1), (198, 1), (207, 1), (221, 1), (226, 1), (272, 1), (277, 2), (323, 1), (328, 1), (335, 1), (363, 1), (369, 1), (382, 1), (389, 1), (392, 1), (403, 1), (412, 1), (414, 2), (442, 3), (444, 1), (464, 1), (485, 1), (491, 2), (492, 1), (497, 1), (579, 1), (592, 1), (598, 1), (636, 1), (685, 1), (704, 1), (717, 1), (720, 1), (722, 1), (739, 1), (745, 1), (756, 1), (769, 2), (806, 1), (875, 3), (890, 1), (894, 1), (900, 1), (914, 1), (915, 1), (935, 1), (941, 2), (944, 1), (968, 1), (973, 1), (988, 1), (993, 1), (1019, 1), (1027, 1), (1060, 2), (1083, 1), (1085, 2), (1119, 2), (1125, 1), (1149, 3), (1200, 1), (1202, 1), (1213, 1), (1220, 1), (1224, 1), (1243, 1), (1250, 1), (1255, 1), (1277, 1), (1302, 1), (1323, 1), (1324, 1), (1364, 1), (1397, 1), (1408, 1), (1418, 1), (1422, 1), (1440, 1), (1447, 1), (1462, 1), (1465, 1), (1472, 1), (1480, 1), (1481, 1), (1483, 1), (1505, 1), (1515, 2), (1533, 1), (1560, 1), (1566, 1), (1567, 1), (1572, 1), (1584, 1), (1587, 1), (1595, 1), (1608, 2), (1609, 1), (1620, 1), (1669, 2), (1679, 1), (1714, 1), (1732, 2), (1746, 1), (1747, 2), (1780, 1), (1806, 1), (1807, 1), (1823, 1), (1835, 1), (1838, 1), (1853, 1), (1860, 2), (1861, 1), (1888, 1), (1919, 1), (1931, 4), (1932, 1), (1981, 1), (1991, 1), (2003, 1), (2006, 1), (2013, 1), (2031, 1), (2035, 1), (2047, 1), (2052, 1), (2082, 1), (2090, 1), (2130, 2), (2143, 1), (2159, 2), (2190, 1), (2203, 1), (2215, 1), (2217, 1), (2222, 1), (2246, 1), (2247, 1), (2265, 1), (2271, 1), (2286, 1), (2287, 1), (2294, 2), (2316, 1), (2324, 1), (2358, 1), (2370, 1), (2374, 1), (2378, 1), (2385, 1), (2423, 3), (2425, 2), (2475, 1), (2479, 2), (2514, 1), (2517, 1), (2522, 1), (2568, 1), (2576, 1), (2587, 1), (2603, 1), (2657, 1), (2674, 1), (2707, 1), (2711, 3), (2717, 2), (2747, 1), (2752, 2), (2755, 2), (2792, 1), (2806, 1), (2811, 1), (2818, 1), (2838, 1), (2851, 1), (2906, 2), (2912, 1), (2944, 1), (2945, 1), (2959, 1), (2970, 1), (2991, 2), (2993, 1), (3013, 1), (3054, 1), (3063, 1), (3110, 2), (3151, 1), (3190, 1), (3199, 1), (3229, 1), (3237, 2), (3242, 1), (3248, 1), (3264, 1), (3266, 1), (3285, 2), (3325, 2), (3334, 1), (3349, 1), (3354, 1), (3359, 1), (3364, 2), (3369, 1), (3377, 1), (3416, 1), (3420, 1), (3442, 1), (3444, 1), (3469, 1), (3500, 1), (3510, 1), (3520, 1), (3540, 2), (3541, 1), (3572, 1), (3576, 1), (3591, 1), (3596, 3), (3638, 1), (3685, 1), (3695, 1), (3698, 1), (3706, 1), (3731, 1), (3734, 1), (3748, 1), (3770, 1), (3771, 1), (3782, 1), (3785, 1), (3800, 1), (3818, 1), (3825, 1), (3838, 1), (3840, 1), (3844, 1), (3867, 1), (3869, 1), (3879, 1), (3883, 1), (3904, 1), (3912, 1), (3920, 1), (3930, 1), (3936, 1), (3938, 1), (3956, 1), (3964, 1), (3965, 1), (3981, 1), (3993, 1), (4026, 1), (4038, 1), (4047, 1), (4062, 1), (4111, 1), (4142, 1), (4158, 1), (4168, 1), (4209, 1), (4222, 1), (4234, 1), (4247, 1), (4264, 1), (4275, 1), (4300, 1), (4305, 2), (4309, 2), (4310, 2), (4324, 1), (4355, 1), (4379, 1), (4386, 1), (4387, 1), (4401, 2), (4418, 1), (4420, 1), (4423, 1), (4437, 2), (4450, 1), (4451, 1), (4457, 1), (4481, 1), (4483, 1), (4492, 1), (4528, 1), (4537, 1), (4552, 1), (4601, 1), (4623, 1), (4660, 1), (4677, 1), (4709, 1), (4721, 1), (4730, 1), (4732, 1), (4742, 1), (4749, 1), (4758, 1), (4761, 1), (4762, 1), (4773, 1), (4801, 1), (4816, 1), (4848, 1), (4855, 1), (4856, 8), (4887, 1), (4907, 1), (4908, 1), (4921, 1), (4935, 1), (4951, 1), (4991, 1), (5002, 1), (5011, 1), (5029, 1), (5036, 1), (5040, 1), (5058, 1), (5060, 1), (5068, 1), (5073, 1), (5084, 1), (5104, 1), (5144, 1), (5165, 1), (5190, 1), (5199, 1), (5212, 2), (5217, 1), (5224, 1), (5225, 2), (5227, 1), (5234, 1), (5238, 1), (5271, 2), (5333, 1), (5364, 1), (5365, 1), (5368, 1), (5386, 1), (5410, 1), (5445, 1), (5461, 1), (5487, 1), (5494, 1), (5505, 1), (5524, 2), (5535, 1), (5557, 1), (5572, 1), (5592, 1), (5594, 1), (5602, 1), (5613, 1), (5615, 1), (5637, 1), (5680, 1), (5705, 1), (5707, 1), (5710, 1), (5712, 1), (5716, 1), (5722, 1), (5731, 1), (5744, 1), (5760, 3), (5778, 1), (5782, 1), (5820, 1), (5836, 1), (5859, 1), (5860, 1), (5866, 1), (5867, 1), (5889, 1), (5914, 3), (5915, 1), (5921, 1), (5935, 1), (5953, 2), (5976, 1), (5988, 1), (5999, 1), (6014, 1), (6015, 3), (6024, 1), (6041, 1), (6047, 1), (6076, 1), (6086, 1), (6126, 1), (6147, 1), (6169, 1), (6230, 1), (6251, 1), (6256, 1), (6277, 1), (6278, 1), (6293, 1), (6300, 1), (6301, 1), (6304, 2), (6306, 1), (6332, 1), (6392, 1), (6412, 1), (6434, 1), (6456, 1), (6463, 1), (6478, 1), (6480, 2), (6492, 1), (6513, 1), (6515, 1), (6527, 1), (6583, 1), (6596, 1), (6604, 1), (6609, 1), (6622, 1), (6681, 2), (6690, 1), (6723, 1), (6805, 1), (6822, 1), (6828, 2), (6836, 1), (6845, 1), (6858, 1), (6886, 1), (6956, 1), (6963, 1), (6977, 1), (6983, 2), (7002, 1), (7003, 1), (7027, 1), (7103, 1), (7184, 1), (7185, 1), (7199, 1), (7202, 1), (7253, 1), (7311, 1), (7337, 1), (7349, 1), (7365, 1), (7368, 2), (7393, 3), (7399, 1), (7456, 1), (7458, 1), (7472, 1), (7492, 1), (7513, 1), (7519, 1), (7537, 1), (7596, 1), (7647, 2), (7716, 2), (7723, 1), (7731, 1), (7742, 1), (7760, 1), (7762, 1), (7777, 1), (7796, 1), (7804, 1), (7811, 1), (7847, 1), (7852, 1), (7879, 1), (7899, 2), (7930, 1), (7933, 2), (7975, 1), (7976, 1), (7995, 1), (8021, 1), (8032, 1), (8053, 1), (8067, 1), (8163, 2), (8177, 1), (8179, 1), (8204, 1), (8223, 1), (8238, 1), (8249, 2), (8284, 1), (8287, 1), (8337, 1), (8358, 1), (8371, 1), (8388, 1), (8452, 1), (8456, 1), (8474, 1), (8480, 1), (8486, 1), (8491, 1), (8496, 1), (8504, 1), (8506, 1), (8541, 1), (8594, 2), (8598, 1), (8630, 1), (8638, 3), (8654, 1), (8666, 1), (8673, 1), (8681, 1), (8687, 2), (8693, 1), (8711, 1), (8716, 2), (8729, 1), (8766, 1), (8802, 1), (8809, 1), (8824, 1), (8828, 1), (8829, 1), (8844, 1), (8854, 1), (8862, 1), (8868, 1), (8886, 2), (8888, 1), (8906, 1), (8926, 1), (8955, 3), (8987, 1), (8988, 1), (8990, 1), (8996, 1), (9026, 1), (9037, 2), (9063, 1), (9072, 1), (9074, 1), (9075, 2), (9084, 1), (9110, 1), (9130, 1), (9138, 1), (9165, 1), (9175, 1), (9194, 1), (9203, 1), (9212, 1), (9230, 1), (9248, 1), (9251, 1), (9256, 1), (9258, 1), (9272, 4), (9289, 1), (9301, 2), (9306, 1), (9311, 1), (9318, 1), (9324, 1), (9345, 1), (9346, 2), (9351, 1), (9374, 1), (9425, 1), (9452, 1), (9453, 1), (9467, 1), (9489, 1), (9491, 1), (9512, 1), (9517, 1), (9538, 1), (9558, 1), (9563, 1), (9599, 1), (9602, 1), (9623, 1), (9629, 1), (9641, 1), (9679, 1), (9707, 1), (9726, 1), (9742, 1), (9759, 2), (9782, 1), (9791, 2), (9805, 2), (9873, 2), (9881, 1), (9885, 1), (9891, 1), (9963, 1), (9983, 1), (9987, 1), (10009, 1), (10029, 1), (10031, 1), (10046, 1), (10047, 2), (10056, 2), (10089, 1), (10100, 1), (10117, 1), (10124, 1), (10140, 1), (10158, 2), (10175, 1), (10224, 2), (10225, 1), (10231, 1), (10238, 1), (10240, 1), (10251, 1), (10274, 1), (10291, 1), (10339, 1), (10359, 2), (10363, 1), (10373, 8), (10374, 1), (10400, 1), (10401, 1), (10407, 1), (10427, 1), (10434, 1), (10453, 1), (10504, 1), (10542, 1), (10572, 1), (10575, 1), (10633, 1), (10636, 1), (10664, 1), (10673, 1), (10680, 1), (10684, 1), (10718, 1), (10741, 1), (10781, 1), (10804, 2), (10810, 1), (10840, 1), (10877, 1), (10906, 1), (10922, 3), (10985, 1), (11013, 1), (11017, 1), (11019, 2), (11023, 1), (11038, 3), (11050, 1), (11063, 1), (11074, 1), (11078, 1), (11117, 1), (11127, 1), (11129, 1), (11132, 1), (11136, 1), (11144, 2), (11179, 1), (11183, 2), (11209, 1), (11259, 1), (11280, 1), (11292, 1), (11295, 1), (11310, 1), (11311, 1), (11326, 1), (11364, 1), (11375, 1), (11381, 1), (11393, 1), (11403, 1), (11426, 1), (11431, 1), (11450, 1), (11453, 1), (11490, 1), (11502, 1), (11509, 1), (11516, 1), (11531, 1), (11536, 1), (11568, 1), (11571, 2), (11585, 1), (11608, 1), (11627, 1), (11651, 1), (11662, 1), (11673, 1), (11694, 2), (11699, 1), (11721, 2), (11758, 1), (11780, 1), (11804, 1), (11808, 1), (11819, 1), (11822, 1), (11836, 1), (11840, 1), (11845, 1), (11851, 1), (11873, 1), (11875, 1), (11890, 2), (11893, 1), (11965, 1), (11982, 1), (11985, 2), (11999, 1), (12005, 1), (12020, 2), (12028, 1), (12030, 2), (12036, 1), (12037, 1), (12045, 1), (12048, 1), (12053, 1), (12073, 1), (12090, 2), (12091, 1), (12141, 1), (12150, 1), (12175, 2), (12180, 1), (12187, 2), (12188, 1), (12190, 1), (12203, 1), (12218, 2), (12227, 1), (12234, 2), (12239, 2), (12258, 1), (12268, 1), (12269, 1), (12298, 2), (12306, 1), (12315, 2), (12349, 2), (12358, 2), (12363, 1), (12370, 2), (12378, 1), (12407, 1), (12435, 1), (12470, 1), (12476, 1), (12481, 2), (12490, 1), (12502, 1), (12508, 1), (12511, 1), (12513, 1), (12524, 1), (12537, 1), (12574, 2), (12575, 1), (12613, 1), (12631, 1), (12637, 1), (12653, 1), (12662, 1), (12679, 1), (12688, 1), (12699, 2), (12701, 1), (12723, 2), (12726, 2), (12735, 2), (12746, 1), (12753, 1), (12766, 1), (12786, 4), (12795, 1), (12819, 1), (12838, 1), (12894, 1), (12912, 1), (12934, 1), (12941, 1), (12942, 1), (12944, 1), (12956, 1), (12973, 1), (12975, 1), (12982, 1), (12987, 1), (12998, 1), (13043, 1), (13053, 1), (13087, 1), (13089, 1), (13105, 1), (13114, 1), (13128, 1), (13133, 1), (13160, 1), (13171, 1), (13188, 1), (13211, 1), (13222, 1), (13227, 1), (13270, 1), (13287, 1), (13290, 1), (13306, 1), (13314, 1), (13318, 1), (13325, 1), (13354, 1), (13362, 1), (13366, 1), (13380, 1), (13382, 1), (13395, 1), (13402, 1), (13409, 1), (13412, 1), (13432, 1), (13444, 1), (13464, 1), (13482, 1), (13494, 1), (13496, 1), (13535, 1), (13542, 1), (13548, 1), (13552, 1), (13567, 1), (13573, 2), (13578, 1), (13598, 1), (13603, 1), (13618, 1), (13626, 1), (13627, 1), (13628, 1), (13644, 1), (13645, 1), (13657, 1), (13684, 1), (13685, 2), (13689, 1), (13693, 2), (13700, 1), (13725, 1), (13727, 1), (13736, 1), (13742, 1), (13748, 2), (13752, 1), (13781, 1), (13783, 1), (13798, 1), (13811, 1), (13813, 1), (13816, 1), (13834, 1), (13835, 1), (13861, 1), (13864, 1), (13869, 1), (13892, 1), (13911, 1), (13914, 1), (13941, 1), (13949, 1), (13953, 1), (13978, 4), (13992, 1), (14005, 1), (14009, 2), (14010, 1), (14042, 2), (14080, 1), (14112, 1), (14113, 1), (14116, 1), (14125, 2), (14143, 2), (14159, 1), (14164, 1), (14195, 1), (14226, 1), (14233, 2), (14267, 1), (14272, 1), (14275, 1), (14295, 1), (14329, 1), (14364, 1), (14377, 1), (14398, 2), (14406, 1), (14417, 1), (14444, 1), (14466, 1), (14468, 1), (14472, 2), (14501, 1), (14502, 1), (14508, 1), (14521, 1), (14544, 1), (14560, 1), (14562, 1), (14575, 1), (14588, 1), (14633, 1), (14665, 1), (14666, 2), (14701, 1), (14704, 1), (14725, 1), (14776, 1), (14777, 1), (14779, 1), (14793, 1), (14810, 2), (14814, 1), (14817, 1), (14820, 1), (14822, 1), (14844, 1), (14866, 2), (14898, 1), (14900, 1), (14938, 1), (14944, 1), (14946, 1), (14972, 1), (14977, 1), (14994, 1), (14998, 1), (15004, 3), (15018, 1), (15039, 1), (15043, 1), (15060, 1), (15070, 1), (15079, 1), (15085, 1), (15087, 1), (15098, 1), (15105, 1), (15114, 1), (15120, 1), (15156, 2), (15166, 1), (15183, 1), (15184, 2), (15185, 1), (15193, 1), (15212, 1), (15221, 1), (15241, 1), (15257, 1), (15260, 1), (15268, 1), (15288, 1), (15337, 1), (15338, 1), (15393, 1), (15430, 1), (15439, 1), (15444, 1), (15454, 1), (15471, 1), (15501, 1), (15508, 1), (15527, 1), (15530, 2), (15538, 1), (15549, 1), (15553, 1), (15555, 1), (15556, 1), (15565, 1), (15567, 1), (15578, 1), (15593, 1), (15606, 1), (15609, 1), (15619, 1), (15626, 1), (15655, 2), (15680, 1), (15684, 1), (15685, 1), (15718, 1), (15721, 1), (15730, 1), (15737, 1), (15758, 2), (15779, 1), (15806, 1), (15852, 1), (15893, 1), (15901, 1), (15927, 1), (15942, 1), (15966, 1), (15968, 1), (15996, 1), (16005, 1), (16032, 1), (16061, 1), (16066, 1), (16090, 2), (16121, 1), (16128, 1), (16153, 1), (16155, 1), (16166, 1), (16180, 1), (16187, 1), (16196, 1), (16221, 1), (16236, 1), (16241, 1), (16250, 1), (16259, 2), (16268, 1), (16273, 1), (16286, 1), (16295, 1), (16297, 1), (16301, 1), (16307, 2), (16319, 3), (16330, 1), (16337, 1), (16339, 1), (16380, 1), (16391, 1), (16393, 1), (16436, 1), (16472, 1), (16475, 1), (16478, 1), (16488, 1), (16492, 1), (16496, 1), (16516, 1), (16529, 1), (16531, 1), (16537, 1), (16549, 1), (16559, 3), (16562, 1), (16568, 1), (16582, 1), (16596, 1), (16597, 1), (16607, 1), (16645, 1), (16654, 1), (16672, 2), (16675, 1), (16676, 1), (16686, 1), (16699, 1), (16701, 2), (16721, 2), (16732, 1), (16737, 1), (16756, 1), (16781, 2), (16812, 1), (16820, 1), (16831, 1), (16841, 1), (16855, 1), (16865, 1), (16905, 2), (16933, 1), (16958, 1), (16984, 1), (16992, 1), (16993, 1), (17013, 1), (17016, 2), (17020, 2), (17041, 1), (17045, 1), (17058, 1), (17097, 1), (17113, 1), (17137, 1), (17152, 1), (17157, 1), (17169, 1), (17194, 1), (17204, 1), (17223, 1), (17231, 1), (17248, 1), (17255, 1), (17256, 1), (17263, 2), (17275, 1), (17297, 1), (17305, 1), (17306, 1), (17312, 1), (17320, 2), (17333, 2), (17374, 2), (17409, 1), (17434, 1), (17437, 1), (17450, 1), (17455, 1), (17464, 1), (17476, 1), (17482, 1), (17486, 1), (17508, 1), (17516, 1), (17539, 2), (17550, 2), (17573, 1), (17587, 1), (17590, 1), (17600, 1), (17602, 2), (17617, 1), (17640, 2), (17695, 1), (17730, 1), (17739, 1), (17746, 1), (17747, 1), (17766, 1), (17794, 1), (17808, 1), (17813, 1), (17824, 1), (17828, 1), (17831, 1), (17833, 1), (17893, 1), (17904, 2), (17912, 1), (17928, 1), (17949, 2), (17956, 1), (17997, 1), (18009, 1), (18021, 1), (18056, 1), (18065, 1), (18070, 1), (18158, 1), (18202, 1), (18245, 2), (18251, 1), (18291, 1), (18319, 1), (18325, 1), (18338, 1), (18345, 2), (18347, 1), (18354, 1), (18363, 1), (18400, 1), (18437, 1), (18492, 1), (18531, 1), (18534, 1), (18539, 1), (18548, 1), (18579, 1), (18594, 1), (18609, 1), (18637, 1), (18642, 1), (18651, 1), (18660, 1), (18689, 1), (18695, 1), (18748, 1), (18765, 1), (18773, 1), (18781, 1), (18790, 1), (18814, 2), (18840, 2), (18841, 2), (18862, 1), (18868, 1), (18871, 1), (18872, 1), (18882, 1), (18908, 1), (18948, 1), (18962, 1), (18972, 1), (18976, 1), (18985, 1), (19031, 1), (19076, 1), (19086, 1), (19104, 1), (19111, 1), (19123, 1), (19126, 1), (19140, 1), (19154, 1), (19164, 1), (19176, 1), (19255, 1), (19258, 1), (19287, 1), (19305, 3), (19322, 1), (19327, 1), (19334, 1), (19340, 1), (19366, 3), (19369, 1), (19370, 1), (19371, 1), (19381, 1), (19408, 1), (19410, 1), (19412, 1), (19418, 2), (19424, 1), (19462, 1), (19472, 1), (19475, 2), (19478, 1), (19494, 1), (19553, 2), (19554, 1), (19564, 1), (19574, 1), (19578, 3), (19587, 2), (19589, 3), (19595, 1), (19627, 1), (19643, 1), (19657, 1), (19680, 1), (19712, 1), (19718, 1), (19722, 2), (19752, 2), (19793, 1), (19797, 1), (19814, 1), (19835, 1), (19843, 1), (19853, 1), (19859, 1), (19885, 1), (19893, 1), (19913, 1), (19917, 1), (19922, 2), (19931, 1), (19940, 1), (19967, 1), (19988, 1), (20039, 1), (20068, 1), (20076, 1), (20108, 1), (20110, 1), (20118, 1), (20141, 1), (20149, 1), (20164, 1), (20177, 3), (20218, 1), (20238, 1), (20288, 1), (20291, 1), (20304, 1), (20325, 2), (20370, 1), (20371, 1), (20377, 1), (20395, 3), (20424, 1), (20432, 1), (20448, 1), (20461, 1), (20486, 1), (20498, 1), (20511, 1), (20542, 1), (20554, 1), (20562, 2), (20595, 1), (20598, 1), (20601, 1), (20602, 1), (20636, 2), (20642, 1), (20646, 1), (20657, 1), (20663, 2), (20680, 2), (20704, 2), (20716, 1), (20751, 1), (20759, 1), (20771, 1), (20799, 1), (20800, 1), (20862, 1), (20867, 2), (20871, 1), (20879, 1), (20880, 1), (20887, 1), (20897, 1), (20909, 1), (20910, 1), (20931, 1), (20939, 1), (20965, 2), (20980, 1), (20982, 2), (20990, 1), (20997, 1), (21003, 1), (21023, 2), (21030, 1), (21077, 1), (21135, 1), (21196, 1), (21212, 2), (21232, 1), (21253, 1), (21268, 1), (21275, 1), (21290, 1), (21292, 1), (21299, 1), (21300, 1), (21304, 1), (21310, 1), (21323, 1), (21344, 1), (21352, 1), (21362, 1), (21391, 1), (21420, 1), (21427, 1), (21434, 1), (21442, 1), (21446, 1), (21447, 1), (21459, 1), (21461, 1), (21464, 1), (21467, 2), (21482, 1), (21494, 1), (21557, 1), (21565, 1), (21573, 1), (21583, 1), (21601, 1), (21605, 2), (21611, 1), (21620, 1), (21626, 1), (21639, 1), (21640, 1), (21643, 1), (21666, 1), (21682, 1), (21689, 1), (21710, 1), (21714, 1), (21788, 1), (21817, 1), (21823, 1), (21828, 1), (21852, 1), (21870, 1), (21877, 1), (21882, 2), (21914, 1), (21961, 1), (21971, 1), (21984, 1), (22009, 1), (22016, 1), (22023, 1), (22028, 1), (22053, 1), (22067, 1), (22077, 1), (22098, 1), (22103, 1), (22153, 3), (22159, 1), (22198, 1), (22205, 1), (22237, 1), (22251, 1), (22275, 1), (22342, 1), (22370, 1), (22385, 1), (22412, 3), (22444, 1), (22483, 1), (22490, 1), (22503, 1), (22514, 1), (22519, 2), (22534, 1), (22536, 1), (22539, 1), (22554, 1), (22644, 1), (22663, 2), (22701, 1), (22744, 1), (22747, 1), (22756, 1), (22759, 1), (22761, 1), (22798, 2), (22813, 1), (22821, 1), (22824, 3), (22826, 1), (22860, 1), (22884, 1), (22897, 1), (22925, 1), (22935, 1), (22942, 1), (22951, 1), (22965, 1), (22996, 1), (23000, 1), (23032, 1), (23059, 1), (23068, 1), (23094, 1), (23100, 1), (23108, 1), (23114, 1), (23167, 1), (23208, 2), (23226, 1), (23245, 1), (23246, 2), (23250, 1), (23255, 1), (23275, 1), (23281, 1), (23337, 1), (23349, 1), (23354, 1), (23378, 1), (23382, 1), (23395, 1), (23401, 3), (23403, 1), (23409, 1), (23428, 1), (23466, 1), (23502, 1), (23503, 1), (23511, 1), (23556, 1), (23560, 1), (23562, 1), (23567, 1), (23580, 1), (23649, 1), (23659, 1), (23662, 1), (23672, 1), (23699, 1), (23711, 1), (23718, 1), (23724, 1), (23728, 1), (23777, 1), (23781, 1), (23794, 1), (23800, 1), (23803, 1), (23805, 1), (23819, 2), (23833, 1), (23839, 1), (23857, 1), (23866, 1), (23872, 1), (23877, 1), (23885, 1), (23901, 1), (23902, 1), (23903, 1), (23904, 1), (23928, 1), (23932, 1), (23935, 1), (23936, 1), (23969, 1), (23970, 2), (23980, 2), (23982, 2), (24004, 1), (24010, 1), (24016, 1), (24020, 1), (24029, 1), (24060, 1), (24065, 1), (24072, 1), (24096, 1), (24103, 1), (24119, 1), (24128, 1), (24161, 1), (24195, 1), (24198, 4), (24241, 5), (24266, 1), (24276, 1), (24296, 1), (24314, 1), (24342, 1), (24350, 1), (24363, 1), (24380, 1), (24392, 1), (24393, 1), (24401, 2), (24414, 2), (24416, 2), (24439, 1), (24443, 1), (24445, 1), (24456, 1), (24489, 1), (24490, 1), (24500, 1), (24526, 1), (24552, 2), (24563, 1), (24590, 3), (24619, 1), (24620, 1), (24626, 1), (24627, 1), (24630, 1), (24639, 1), (24679, 2), (24706, 1), (24712, 1), (24739, 1), (24743, 1), (24746, 1), (24749, 1), (24759, 1), (24764, 2), (24770, 1), (24787, 1), (24808, 1), (24836, 1), (24866, 1), (24871, 1), (24872, 1), (24887, 1), (24890, 1), (24899, 1), (24913, 1), (24923, 1), (24940, 1), (24946, 1), (24947, 1), (24959, 1), (24964, 1), (24974, 1), (24988, 1), (25031, 1), (25061, 1), (25067, 2), (25097, 2), (25104, 1), (25105, 2), (25128, 1), (25137, 1), (25188, 1), (25214, 2), (25231, 1), (25276, 1), (25280, 1), (25295, 1), (25301, 1), (25313, 1), (25319, 1), (25320, 2), (25358, 1), (25395, 1), (25431, 1), (25438, 1), (25463, 1), (25492, 1), (25497, 1), (25503, 1), (25516, 2), (25554, 1), (25578, 1), (25597, 1), (25600, 1), (25601, 1), (25632, 1), (25642, 1), (25646, 1), (25661, 1), (25667, 1), (25701, 2), (25716, 1), (25738, 1), (25764, 1), (25778, 2), (25787, 1), (25791, 1), (25861, 1), (25869, 1), (25872, 1), (25877, 1), (25885, 1), (25889, 1), (25894, 1), (25901, 1), (25905, 1), (25937, 1), (25941, 1), (25952, 1), (25959, 2), (25995, 1), (26030, 2), (26035, 1), (26043, 3), (26047, 1), (26049, 1), (26061, 1), (26089, 1), (26098, 1), (26109, 1), (26130, 1), (26159, 1), (26174, 1), (26187, 1), (26193, 1), (26197, 1), (26228, 1), (26247, 1), (26251, 1), (26260, 1), (26261, 1), (26270, 2), (26273, 1), (26279, 1), (26282, 1), (26298, 1), (26312, 1), (26327, 1), (26348, 2), (26370, 1), (26398, 1), (26408, 1), (26414, 1), (26425, 1), (26456, 1), (26484, 1), (26491, 1), (26523, 1), (26549, 1), (26586, 1), (26610, 1), (26661, 1), (26664, 1), (26672, 1), (26694, 1), (26716, 1), (26757, 1), (26776, 1), (26785, 1), (26800, 1), (26826, 1), (26833, 1), (26837, 1), (26838, 1), (26839, 1), (26843, 1), (26849, 2), (26853, 1), (26872, 1), (26891, 1), (26909, 1), (26925, 2), (26935, 1), (26944, 1), (26967, 1), (26971, 1), (26974, 1), (26981, 2), (26984, 3), (27019, 2), (27038, 1), (27051, 2), (27078, 1), (27081, 1), (27116, 1), (27121, 1), (27127, 1), (27130, 1), (27149, 1), (27172, 1), (27189, 1), (27219, 1), (27237, 1), (27238, 1), (27270, 1), (27305, 1), (27339, 1), (27357, 1), (27362, 1), (27378, 1), (27381, 1), (27404, 1), (27424, 1), (27443, 1), (27444, 1), (27456, 1), (27479, 1), (27518, 1), (27534, 1), (27543, 1), (27576, 1), (27601, 1), (27609, 1), (27614, 1), (27651, 2), (27670, 1), (27709, 1), (27729, 1), (27730, 1), (27755, 1), (27757, 1), (27759, 1), (27776, 1), (27789, 3), (27794, 1), (27806, 1), (27827, 1), (27843, 1), (27875, 2), (27887, 1), (27892, 1), (27902, 1), (27949, 1), (27960, 1), (28039, 1), (28045, 1), (28080, 1), (28086, 1), (28091, 1), (28095, 1), (28108, 1), (28123, 1), (28141, 1), (28148, 1), (28153, 1), (28162, 1), (28165, 1), (28168, 1), (28177, 1), (28199, 1), (28205, 1), (28206, 1), (28222, 1), (28242, 2), (28261, 3), (28294, 1), (28321, 1), (28328, 1), (28350, 2), (28355, 2), (28364, 1), (28379, 1), (28409, 1), (28425, 1), (28429, 1), (28455, 1), (28462, 1), (28515, 1), (28517, 2), (28545, 1), (28556, 1), (28585, 1), (28592, 1), (28600, 1), (28620, 1), (28621, 1), (28632, 2), (28640, 1), (28645, 1), (28687, 2), (28699, 2), (28775, 1), (28785, 1), (28790, 1), (28815, 1), (28818, 1), (28886, 1), (28893, 1), (28901, 1), (28919, 1), (28928, 2), (28931, 2), (28939, 1), (28954, 1), (28964, 1), (28965, 1), (28985, 1), (28994, 1), (29011, 1), (29024, 1), (29048, 1), (29060, 1), (29064, 1), (29079, 1), (29080, 1), (29103, 1), (29108, 1), (29113, 1), (29125, 2), (29137, 1), (29175, 1), (29212, 1), (29223, 1), (29242, 1), (29248, 1), (29255, 1), (29259, 1), (29260, 2), (29275, 1), (29299, 1), (29304, 1), (29336, 1), (29340, 1), (29352, 1), (29356, 2), (29367, 1), (29410, 1), (29427, 2), (29430, 1), (29431, 1), (29453, 1), (29460, 1), (29478, 1), (29479, 1), (29482, 2), (29508, 1), (29526, 1), (29532, 1), (29537, 1), (29554, 1), (29572, 1), (29607, 1), (29609, 1), (29648, 1), (29677, 1), (29682, 1), (29696, 1), (29703, 1), (29766, 1), (29779, 1), (29791, 4), (29794, 1), (29822, 2), (29829, 1), (29842, 1), (29857, 1), (29870, 1), (29875, 1), (29881, 1), (29896, 1), (29909, 1), (29910, 1), (29923, 1), (29933, 1), (29960, 1), (29963, 1), (29970, 1), (30001, 1), (30033, 1), (30038, 1), (30039, 1), (30054, 1), (30064, 1), (30067, 1), (30082, 1), (30088, 1), (30097, 1), (30100, 1), (30120, 1), (30121, 1), (30127, 1), (30130, 1), (30142, 1), (30146, 1), (30159, 1), (30164, 2), (30175, 1), (30181, 1), (30190, 1), (30192, 1), (30199, 2), (30226, 1), (30227, 1), (30231, 3), (30250, 1), (30280, 1), (30289, 1), (30302, 1), (30313, 1), (30341, 1), (30349, 2), (30354, 1), (30363, 1), (30385, 1), (30390, 1), (30406, 1), (30429, 1), (30454, 2), (30458, 1), (30469, 1), (30484, 1), (30508, 1), (30513, 1), (30517, 1), (30532, 1), (30539, 1), (30575, 1), (30586, 1), (30589, 3), (30605, 1), (30627, 1), (30631, 1), (30656, 1), (30662, 2), (30665, 1), (30666, 1), (30694, 1), (30735, 2), (30739, 1), (30746, 1), (30748, 1), (30792, 1), (30799, 1), (30815, 1), (30818, 1), (30829, 1), (30852, 1), (30854, 1), (30867, 1), (30881, 1), (30893, 1), (30918, 2), (30925, 1), (30955, 1), (30959, 1), (31000, 1), (31021, 1), (31028, 1), (31073, 1), (31079, 1), (31133, 1), (31157, 1), (31177, 1), (31192, 1), (31209, 1), (31236, 1), (31282, 1), (31284, 1), (31349, 1), (31411, 1), (31425, 1), (31473, 1), (31499, 1), (31515, 1), (31531, 1), (31542, 2), (31544, 1), (31585, 1), (31594, 1), (31599, 1), (31616, 1), (31625, 1), (31634, 1), (31653, 1), (31662, 1), (31673, 2), (31700, 1), (31712, 1), (31734, 1), (31743, 1), (31757, 1), (31766, 1), (31773, 1), (31780, 1), (31794, 1), (31805, 1), (31806, 1), (31818, 1), (31833, 1), (31836, 1), (31864, 1), (31870, 2), (31880, 1), (31885, 1), (31916, 1), (31923, 1), (31931, 1), (31961, 1), (31980, 1), (31982, 1), (32011, 1), (32018, 1), (32021, 1), (32042, 1), (32106, 1), (32136, 1), (32148, 1), (32188, 1), (32204, 2), (32208, 1), (32223, 1), (32246, 1), (32249, 1), (32262, 1), (32263, 1), (32343, 1), (32359, 1), (32366, 1), (32391, 1), (32405, 1), (32429, 1), (32432, 1), (32438, 1), (32452, 1), (32470, 1), (32473, 2), (32485, 1), (32489, 2), (32493, 1), (32514, 1), (32528, 1), (32535, 1), (32545, 1), (32546, 1), (32553, 1), (32572, 1), (32578, 2), (32603, 1), (32630, 1), (32652, 1), (32686, 1), (32701, 1), (32707, 1), (32713, 1), (32734, 1), (32737, 1), (32743, 2), (32746, 1), (32750, 1), (32777, 1), (32779, 1), (32803, 1), (32859, 1), (32863, 1), (32865, 2), (32874, 1), (32880, 1), (32900, 1), (32905, 1), (32910, 1), (32915, 1), (32929, 1), (32944, 1), (32945, 1), (32948, 1), (32994, 1), (32997, 1), (33022, 2), (33030, 1), (33045, 2), (33046, 1), (33072, 1), (33081, 1), (33091, 1), (33092, 1), (33101, 1), (33114, 2), (33127, 1), (33129, 2), (33147, 1), (33164, 1), (33166, 1), (33167, 1), (33179, 1), (33199, 1), (33200, 1), (33216, 1), (33223, 1), (33233, 1), (33254, 1), (33271, 1), (33287, 1), (33298, 1), (33338, 1), (33344, 1), (33353, 1), (33354, 1), (33356, 1), (33358, 1), (33393, 1), (33462, 1), (33489, 1), (33493, 1), (33500, 1), (33519, 1), (33526, 1), (33527, 3), (33546, 1), (33553, 1), (33574, 1), (33587, 2), (33616, 2), (33631, 1), (33641, 1), (33651, 1), (33671, 1), (33683, 2), (33692, 1), (33728, 1), (33730, 1), (33731, 1), (33743, 1), (33763, 1), (33817, 2), (33825, 1), (33839, 1), (33850, 1), (33862, 1), (33864, 1), (33868, 1), (33905, 1), (33913, 1), (33924, 1), (33931, 1), (33970, 1), (33980, 2), (33991, 1), (34008, 1), (34021, 1), (34024, 1), (34025, 1), (34029, 1), (34103, 1), (34129, 1), (34132, 1), (34139, 2), (34141, 1), (34144, 1), (34215, 1), (34236, 1), (34248, 1), (34277, 1), (34330, 1), (34335, 2), (34340, 1), (34366, 1), (34382, 1), (34390, 1), (34394, 1), (34402, 1), (34409, 2), (34465, 1), (34472, 4), (34486, 1), (34528, 1), (34548, 1), (34563, 1), (34590, 1), (34624, 2), (34636, 1), (34639, 2), (34665, 1), (34679, 1), (34685, 1), (34718, 1), (34740, 1), (34780, 1), (34789, 1), (34799, 1), (34808, 1), (34822, 2), (34831, 4), (34857, 2), (34858, 1), (34861, 2), (34885, 1), (34895, 1), (34897, 2), (34900, 1), (34931, 1), (34937, 1), (34961, 1), (35040, 1), (35047, 1), (35061, 3), (35067, 1), (35082, 1), (35125, 1), (35175, 3), (35182, 1), (35232, 1), (35275, 1), (35304, 1), (35316, 1), (35361, 1), (35372, 1), (35382, 1), (35386, 1), (35400, 2), (35404, 1), (35423, 1), (35424, 1), (35434, 1), (35435, 1), (35438, 1), (35465, 1), (35477, 1), (35484, 1), (35487, 1), (35525, 1), (35537, 1), (35546, 1), (35554, 1), (35555, 1), (35571, 1), (35589, 2), (35591, 3), (35673, 1), (35679, 1), (35693, 2), (35710, 2), (35723, 1), (35728, 1), (35780, 1), (35797, 1), (35808, 2), (35828, 1), (35835, 1), (35861, 1), (35874, 1), (35877, 1), (35919, 2), (35930, 1), (35934, 1), (35945, 1), (35955, 1), (35959, 1), (35976, 1), (35978, 1), (35992, 1), (36031, 1), (36063, 1), (36079, 1), (36080, 1), (36090, 1), (36118, 1), (36124, 1), (36132, 1), (36139, 1), (36147, 1), (36181, 1), (36184, 2), (36193, 1), (36195, 1), (36224, 1), (36235, 1), (36236, 1), (36284, 1), (36320, 1), (36321, 1), (36402, 1), (36415, 1), (36435, 1), (36448, 2), (36465, 1), (36481, 1), (36493, 1), (36513, 1), (36518, 1), (36521, 1), (36537, 1), (36540, 2), (36544, 1), (36545, 1), (36558, 1), (36580, 1), (36589, 1), (36590, 1), (36596, 1), (36616, 1), (36631, 2), (36639, 2), (36642, 1), (36644, 1), (36674, 1), (36676, 1), (36692, 1), (36710, 1), (36713, 1), (36717, 1), (36723, 1), (36728, 1), (36738, 1), (36749, 1), (36758, 1), (36774, 2), (36781, 1), (36789, 1), (36790, 1), (36791, 1), (36805, 1), (36818, 1), (36876, 1), (36884, 1), (36897, 1), (36909, 1), (36945, 1), (36957, 1), (37009, 1), (37033, 1), (37038, 1), (37083, 1), (37094, 1), (37098, 1), (37112, 1), (37127, 1), (37137, 1), (37144, 1), (37152, 1), (37192, 1), (37228, 1), (37250, 1), (37269, 1), (37271, 1), (37276, 1), (37284, 1), (37321, 1), (37343, 1), (37423, 1), (37443, 1), (37452, 2), (37456, 1), (37469, 1), (37476, 1), (37486, 1), (37492, 1), (37501, 1), (37511, 1), (37521, 1), (37525, 1), (37527, 1), (37574, 2), (37581, 1), (37597, 1), (37604, 1), (37621, 1), (37623, 1), (37626, 1), (37627, 1), (37638, 2), (37644, 1), (37660, 1), (37732, 1), (37768, 1), (37770, 1), (37780, 1), (37808, 1), (37811, 1), (37815, 1), (37816, 1), (37843, 1), (37852, 1), (37862, 1), (37874, 1), (37886, 1), (37901, 1), (37905, 1), (37910, 1), (37979, 1), (37995, 1), (37999, 1), (38009, 1), (38018, 2), (38095, 2), (38113, 2), (38123, 1), (38129, 2), (38154, 1), (38180, 1), (38184, 1), (38194, 1), (38197, 1), (38228, 1), (38259, 3), (38265, 1), (38302, 2), (38303, 1), (38320, 1), (38325, 1), (38350, 1), (38383, 1), (38409, 1), (38432, 2), (38435, 1), (38436, 1), (38439, 1), (38462, 1), (38499, 1), (38504, 1), (38550, 1), (38578, 1), (38580, 1), (38586, 1), (38595, 1), (38597, 1), (38606, 1), (38617, 1), (38624, 1), (38643, 1), (38679, 1), (38685, 1), (38711, 1), (38712, 1), (38714, 1), (38740, 1), (38756, 2), (38766, 1), (38769, 1), (38770, 1), (38774, 1), (38776, 1), (38795, 1), (38797, 1), (38837, 1), (38844, 1), (38855, 2), (38892, 1), (38904, 1), (38937, 1), (38961, 1), (38971, 1), (39010, 1), (39051, 1), (39052, 3), (39061, 1), (39071, 1), (39074, 1), (39075, 1), (39119, 1), (39133, 2), (39142, 1), (39147, 1), (39152, 1), (39187, 1), (39195, 1), (39202, 1), (39204, 2), (39213, 4), (39217, 1), (39226, 1), (39234, 1), (39251, 1), (39259, 1), (39302, 1), (39304, 1), (39356, 1), (39386, 1), (39387, 1), (39390, 1), (39448, 1), (39454, 1), (39479, 1), (39480, 1), (39507, 1), (39509, 1), (39513, 1), (39517, 1), (39520, 1), (39554, 1), (39575, 1), (39589, 1), (39644, 1), (39656, 1), (39665, 1), (39703, 1), (39716, 1), (39729, 1), (39738, 1), (39756, 1), (39766, 1), (39768, 1), (39788, 1), (39839, 1), (39846, 1), (39860, 1), (39880, 1), (39898, 2), (39901, 1), (39914, 1), (39922, 1), (39940, 1), (39975, 1), (39985, 2), (39986, 1), (40035, 2), (40041, 1), (40087, 1), (40102, 1), (40110, 1), (40126, 1), (40134, 1), (40156, 1), (40170, 1), (40173, 1), (40186, 1), (40235, 1), (40263, 2), (40297, 1), (40301, 1), (40303, 1), (40305, 2), (40314, 2), (40341, 1), (40344, 1), (40359, 2), (40388, 1), (40398, 1), (40399, 1), (40404, 1), (40419, 1), (40422, 1), (40430, 1), (40446, 1), (40450, 1), (40451, 1), (40469, 1), (40523, 1), (40531, 1), (40535, 1), (40561, 1), (40562, 1), (40611, 2), (40664, 1), (40672, 1), (40701, 2), (40704, 1), (40706, 1), (40713, 1), (40730, 1), (40736, 1), (40793, 1), (40796, 1), (40798, 1), (40812, 1), (40818, 2), (40821, 1), (40839, 1), (40854, 1), (40859, 1), (40872, 1), (40903, 1), (40911, 4), (40918, 2), (40929, 3), (40931, 1), (40933, 1), (40935, 1), (41000, 2), (41017, 1), (41044, 2), (41059, 1), (41069, 1), (41075, 1), (41082, 1), (41094, 2), (41124, 1), (41134, 2), (41135, 1), (41141, 1), (41145, 2), (41216, 3), (41217, 1), (41223, 2), (41231, 1), (41254, 1), (41265, 1), (41301, 1), (41312, 1), (41317, 1), (41327, 2), (41332, 1), (41341, 1), (41359, 1), (41373, 2), (41381, 1), (41384, 1), (41401, 1), (41404, 1), (41410, 1), (41423, 1), (41425, 4), (41448, 1), (41453, 1), (41514, 1), (41538, 2), (41567, 1), (41578, 1), (41616, 1), (41617, 2), (41671, 1), (41679, 1), (41758, 1), (41765, 1), (41768, 2), (41773, 2), (41775, 1), (41788, 1), (41795, 2), (41797, 1), (41798, 1), (41803, 2), (41849, 1), (41864, 1), (41890, 1), (41912, 1), (41939, 2), (41960, 1), (41966, 1), (41967, 1), (42002, 1), (42008, 1), (42012, 1), (42015, 1), (42079, 1), (42095, 2), (42099, 1), (42101, 1), (42109, 1), (42131, 1), (42143, 1), (42159, 1), (42165, 3)]
Wenlock,[(13307, 13)]
Swaffham,[(16932, 2)]
Gracidea,[(6654, 1)]
Bramley,[(12110, 1), (39760, 1)]
Yassir,[(4659, 4)]
Sanda,[(4109, 5)]
Magmar,[(2817, 7)]
transmutational,[(36869, 1)]
glow,[(98, 2), (134, 1), (403, 1), (847, 1), (875, 1), (2296, 1), (2692, 1), (4086, 2), (5572, 1), (5881, 1), (5963, 1), (7026, 1), (7431, 2), (7785, 1), (8274, 1), (8829, 1), (9759, 1), (9778, 1), (9836, 1), (11626, 1), (11709, 2), (12623, 1), (13552, 1), (14082, 1), (14346, 2), (14732, 1), (15284, 1), (15305, 1), (15588, 1), (16001, 1), (16915, 1), (16971, 1), (17054, 1), (18047, 1), (18585, 1), (19039, 1), (19957, 1), (20356, 1), (21586, 1), (21883, 1), (22027, 1), (22656, 1), (22694, 1), (22853, 1), (24472, 1), (24899, 1), (25631, 1), (25655, 1), (26016, 2), (26297, 1), (26459, 1), (29321, 1), (29451, 1), (29580, 1), (29794, 1), (29974, 1), (30947, 1), (31289, 1), (32281, 1), (32573, 1), (32828, 1), (32957, 1), (33304, 1), (33633, 1), (33935, 1), (34532, 1), (34639, 1), (34714, 1), (34825, 1), (35461, 1), (35472, 2), (37027, 1), (37259, 1), (37530, 1), (40742, 1), (40887, 1), (40997, 1), (41735, 1), (41846, 1)]
titleGlenn,[(19781, 1)]
Tribu,[(16384, 1)]
Sandor,[(3564, 4), (30080, 9), (37047, 1), (38825, 1)]
pin,[(26, 1), (266, 1), (612, 1), (861, 1), (1221, 1), (1281, 1), (1377, 1), (1418, 1), (1511, 1), (1653, 1), (1713, 1), (2112, 1), (2537, 1), (2579, 2), (2736, 1), (3988, 1), (4259, 1), (4439, 1), (4678, 1), (4840, 1), (5099, 1), (5142, 1), (5290, 2), (5828, 1), (5957, 1), (6241, 1), (6409, 2), (6412, 1), (6718, 1), (6773, 1), (7083, 1), (7106, 1), (7385, 1), (7713, 1), (7833, 1), (7889, 1), (8488, 1), (8667, 1), (8687, 3), (8701, 1), (8846, 1), (9079, 1), (9183, 1), (9260, 1), (9632, 1), (9798, 1), (10023, 1), (10088, 1), (10596, 10), (11204, 1), (12505, 1), (12635, 1), (12735, 1), (12736, 2), (13122, 1), (13421, 1), (13509, 2), (13589, 1), (14040, 1), (14363, 1), (14487, 1), (14689, 1), (14822, 1), (14871, 1), (14929, 1), (15116, 1), (15183, 1), (15256, 1), (15568, 1), (15985, 1), (16030, 1), (16202, 1), (16278, 1), (16572, 1), (17239, 1), (17602, 1), (17661, 2), (17813, 1), (18004, 1), (18124, 1), (18200, 2), (18999, 1), (19051, 1), (19132, 1), (19206, 2), (19369, 2), (19660, 1), (19974, 1), (20067, 1), (20132, 1), (21404, 1), (21554, 1), (21738, 1), (21858, 2), (22071, 1), (22574, 1), (22919, 1), (23293, 1), (23475, 1), (23666, 1), (23749, 2), (23990, 1), (24026, 1), (24092, 1), (24188, 1), (24412, 1), (24616, 1), (24682, 1), (24891, 1), (25298, 2), (25338, 1), (25828, 1), (25992, 1), (26282, 2), (26363, 1), (26864, 1), (27706, 2), (27730, 2), (27835, 1), (28465, 3), (28632, 3), (28753, 1), (28760, 1), (28978, 1), (29932, 1), (30170, 1), (30420, 2), (30976, 1), (31053, 1), (31134, 1), (31165, 1), (31273, 1), (32169, 1), (32251, 1), (32293, 5), (32553, 1), (32940, 1), (33002, 1), (33022, 1), (33198, 1), (33283, 1), (33334, 1), (33526, 1), (33796, 11), (34058, 1), (34329, 1), (34370, 3), (34651, 1), (34757, 1), (34863, 3), (34976, 2), (35102, 1), (35121, 1), (35485, 1), (35511, 2), (35605, 1), (35739, 1), (35932, 1), (35974, 1), (36238, 1), (36290, 1), (36691, 1), (37997, 1), (38299, 2), (38843, 1), (38891, 1), (39009, 2), (39270, 1), (39315, 1), (39344, 1), (39900, 1), (39965, 1), (40092, 2), (41044, 1), (41064, 1), (41251, 1)]
Luken,[(20214, 2)]
Implosion,[(33077, 1)]
Sheinbaum,[(8979, 4)]
Magneto,[(4026, 1), (4694, 2), (7718, 13), (9552, 11), (24949, 15)]
Sensations,[(14365, 1), (32039, 1)]
Tinkle,[(4865, 1), (10317, 1), (17661, 8), (41583, 9)]
slipway,[(5336, 2)]
ineffectual,[(944, 1), (1312, 1), (2165, 1), (2915, 1), (3395, 1), (6484, 1), (6671, 1), (6799, 1), (8200, 1), (8751, 1), (12776, 1), (13696, 1), (17022, 1), (21247, 1), (22167, 1), (23617, 1), (23972, 1), (25276, 1), (26521, 1), (27320, 1), (34378, 1), (34394, 1), (37531, 1), (41405, 1), (41631, 1)]
Shattered,[(7715, 1), (9171, 1), (14558, 1), (14790, 1), (20999, 1), (27873, 1), (31254, 1), (36988, 1)]
Heyborne,[(16244, 1)]
Nicoleff,[(31321, 2)]
resourceID,[(2453, 1)]
Darn,[(5983, 1), (17733, 1), (29635, 1)]
