Brudder,"[(5703, 1)]"
Jaganath,"[(15152, 9), (37731, 1)]"
Can,"[(412, 1), (511, 1), (554, 1), (1265, 1), (1560, 1), (1577, 1), (1946, 1), (2055, 1), (3325, 1), (3772, 1), (3825, 1), (3920, 1), (3938, 1), (3939, 1), (4159, 2), (4164, 1), (4189, 1), (4440, 1), (4653, 1), (4834, 1), (4989, 1), (5075, 1), (5093, 1), (5507, 1), (6191, 3), (6463, 1), (6491, 1), (6989, 1), (7228, 1), (7441, 1), (7663, 1), (7774, 1), (7901, 1), (8060, 1), (8164, 1), (8314, 1), (8348, 1), (8468, 1), (8508, 1), (8718, 1), (9538, 1), (9969, 1), (10281, 1), (10497, 1), (10538, 1), (10927, 1), (11497, 1), (11907, 1), (13119, 1), (13649, 1), (13694, 1), (13919, 1), (15139, 1), (15452, 1), (15759, 1), (16084, 1), (16092, 1), (16122, 1), (16482, 1), (16736, 1), (16760, 1), (16864, 1), (16896, 1), (16920, 1), (16997, 1), (17326, 2), (17444, 2), (17647, 1), (17784, 2), (18045, 2), (18084, 1), (18282, 1), (18792, 1), (19220, 1), (19286, 1), (19453, 1), (19715, 1), (20284, 1), (20502, 1), (20539, 1), (21276, 1), (21387, 1), (22149, 1), (22346, 1), (23177, 1), (23487, 1), (23574, 1), (23581, 1), (24134, 1), (24357, 1), (24420, 1), (24552, 1), (24734, 1), (25045, 1), (26689, 1), (27006, 1), (27210, 1), (27412, 1), (27672, 1), (28492, 2), (28754, 1), (28772, 1), (29170, 1), (29267, 1), (29365, 1), (29446, 1), (29462, 1), (29542, 1), (29736, 1), (29817, 1), (30037, 2), (30076, 1), (30120, 1), (30247, 1), (30447, 1), (30468, 1), (30704, 1), (31004, 1), (31080, 1), (31134, 1), (31369, 1), (31423, 1), (31571, 1), (31867, 1), (32284, 1), (33118, 1), (33400, 1), (33482, 1), (33957, 1), (34039, 1), (34829, 1), (35024, 1), (35174, 1), (35344, 1), (35580, 1), (35634, 1), (35692, 1), (35743, 1), (35990, 1), (37620, 1), (38044, 1), (38239, 1), (38757, 1), (38915, 1), (39212, 1), (39320, 1), (39397, 1), (39665, 1), (39846, 1), (40504, 1), (40528, 1), (41461, 1), (41523, 1), (41608, 1), (41659, 1), (41841, 1), (42016, 1), (42104, 1), (42191, 1)]"
Angelica,"[(1397, 6), (7386, 7), (9325, 6), (10988, 1), (11932, 3), (13258, 24), (18650, 5), (19073, 2), (20717, 1), (21774, 2), (22378, 1), (22825, 1), (23251, 1), (26013, 1), (26500, 7), (26876, 3), (28102, 1), (30083, 1), (30618, 1), (32270, 1), (33762, 5), (37527, 8), (40804, 10), (41226, 1)]"
Gunnison,"[(16232, 4)]"
Malawian,"[(35292, 1), (36777, 1)]"
airline,"[(143, 2), (1536, 1), (1900, 1), (2250, 1), (3059, 1), (3786, 1), (3820, 1), (4191, 1), (4254, 3), (4708, 1), (4721, 1), (4760, 3), (5187, 1), (5469, 1), (6738, 1), (6826, 2), (7074, 1), (8270, 3), (10125, 1), (10170, 1), (10281, 1), (11219, 2), (11527, 1), (11537, 1), (11816, 1), (11939, 1), (12281, 1), (12415, 1), (12875, 1), (13225, 1), (13357, 1), (13458, 1), (14445, 1), (14828, 1), (14907, 1), (15437, 1), (15833, 1), (16331, 2), (16496, 1), (16519, 1), (16830, 1), (17303, 1), (17528, 1), (17583, 1), (17771, 1), (17810, 1), (18004, 1), (18103, 1), (18612, 1), (19447, 2), (19616, 1), (19924, 1), (20118, 1), (20638, 2), (20928, 1), (20993, 1), (21427, 1), (21777, 1), (22133, 1), (23114, 1), (24443, 3), (25287, 1), (25293, 5), (25487, 1), (27219, 1), (27484, 2), (27902, 1), (28144, 1), (28148, 1), (28338, 1), (28384, 1), (30334, 1), (31200, 1), (31209, 2), (32516, 1), (32545, 1), (32983, 1), (33026, 1), (33210, 1), (33546, 1), (33779, 1), (34916, 2), (35067, 1), (35500, 1), (35809, 1), (36948, 1), (37211, 1), (37297, 1), (38114, 2), (38579, 1), (38595, 1), (38777, 1), (39053, 2), (39330, 1), (39584, 1), (39677, 1), (39832, 1), (39912, 1), (40103, 1), (40662, 1), (41051, 2), (41861, 1), (42015, 1)]"
Eisenkleid,"[(13900, 4)]"
Cissies,"[(40761, 1)]"
Kaapalik,"[(23839, 5)]"
Mascot,"[(39062, 1), (41853, 1)]"
Wilke,"[(1548, 1)]"
mudpack,"[(10342, 1)]"
Landers,"[(3951, 1), (7113, 3), (12130, 1), (13492, 7), (16770, 1), (23004, 1), (23195, 4), (25651, 1), (37280, 1), (39875, 4)]"
khaar,"[(12731, 1)]"
Thread,"[(1118, 1)]"
Micaela,"[(35590, 1), (42058, 1)]"
diffuse,"[(2048, 1), (9246, 1), (11298, 1), (17983, 1), (18077, 1), (19029, 1), (23929, 1), (29747, 1)]"
Sagg,"[(39494, 1)]"
Kang,"[(837, 1), (1963, 1), (2432, 2), (3625, 1), (3939, 2), (4039, 1), (4148, 1), (4272, 1), (7334, 5), (7640, 2), (8967, 1), (10385, 1), (10610, 12), (10622, 1), (10625, 1), (11476, 2), (13759, 1), (14122, 1), (14391, 1), (15831, 1), (16623, 12), (16833, 2), (16875, 2), (17090, 1), (17882, 1), (17940, 1), (18000, 1), (19421, 7), (20251, 8), (20408, 1), (21141, 3), (22443, 1), (23074, 1), (24346, 2), (24530, 1), (24590, 6), (24738, 5), (25292, 5), (25622, 22), (26122, 2), (26937, 1), (27896, 3), (29205, 1), (29553, 1), (29663, 12), (29774, 7), (30067, 3), (30178, 2), (30575, 2), (30591, 4), (31108, 8), (31296, 5), (31697, 1), (32375, 1), (33275, 1), (34389, 4), (34720, 6), (34843, 1), (34874, 2), (39178, 1), (39448, 10), (39483, 2), (39864, 14), (39871, 14), (41131, 9)]"
Kruipen,"[(1201, 1)]"
skis,"[(357, 1), (5547, 1), (7059, 1), (7103, 1), (7757, 1), (8142, 2), (12359, 1), (13128, 1), (15172, 1), (15238, 1), (15829, 2), (18834, 1), (19924, 1), (20094, 1), (21170, 1), (21305, 1), (21990, 1), (24608, 4), (29518, 2), (34853, 1), (38666, 1), (40737, 1), (41689, 1)]"
Foreshadowed,"[(10515, 1)]"
Upen,"[(40390, 4)]"
slippers,"[(399, 2), (1400, 1), (2165, 3), (2275, 3), (4076, 1), (6213, 1), (8456, 1), (11675, 1), (13393, 1), (14152, 1), (14936, 1), (18628, 2), (18642, 1), (20567, 3), (21169, 2), (21401, 1), (21802, 1), (27722, 1), (28724, 2), (30949, 1), (32470, 1), (32910, 1), (33961, 1), (38903, 1), (40617, 1)]"
documentaryfilm,"[(14698, 1)]"
sense,"[(78, 1), (112, 1), (503, 1), (547, 1), (831, 1), (833, 1), (878, 1), (1013, 2), (1036, 1), (1093, 1), (1123, 1), (1128, 1), (1137, 1), (1200, 2), (1231, 1), (1282, 1), (1364, 1), (1492, 1), (1728, 1), (1790, 1), (1816, 1), (1827, 1), (1838, 1), (1889, 1), (1925, 1), (1953, 1), (1958, 1), (2056, 1), (2060, 3), (2090, 1), (2113, 1), (2222, 1), (2325, 1), (2505, 1), (2511, 1), (2522, 1), (2554, 1), (2605, 1), (2607, 1), (2709, 1), (2747, 1), (2808, 1), (2819, 1), (2908, 1), (2939, 1), (2979, 1), (2998, 1), (3000, 1), (3325, 2), (3362, 1), (3494, 1), (3626, 1), (3806, 1), (3838, 1), (3898, 1), (3961, 1), (3962, 1), (3965, 1), (3992, 1), (4144, 1), (4234, 1), (4297, 1), (4305, 1), (4487, 1), (4631, 1), (4643, 1), (4675, 1), (4741, 1), (4834, 1), (4939, 1), (4965, 1), (5074, 1), (5077, 1), (5104, 1), (5106, 1), (5145, 1), (5342, 1), (5577, 1), (5584, 1), (5602, 1), (5692, 1), (5695, 1), (5697, 1), (5824, 1), (5856, 1), (5863, 1), (6054, 1), (6204, 1), (6397, 1), (6524, 1), (6551, 1), (6569, 1), (6679, 1), (6697, 1), (6823, 1), (6880, 1), (6896, 1), (6912, 1), (6924, 1), (6928, 1), (7000, 1), (7049, 1), (7077, 1), (7228, 1), (7290, 1), (7291, 2), (7377, 1), (7402, 1), (7403, 1), (7406, 1), (7425, 1), (7475, 1), (7568, 1), (7615, 1), (7899, 1), (7975, 1), (8058, 1), (8202, 1), (8268, 1), (8441, 1), (8499, 2), (8502, 1), (8555, 1), (8678, 1), (8707, 1), (8747, 1), (8829, 1), (8853, 1), (8904, 1), (9036, 1), (9198, 1), (9232, 1), (9374, 1), (9398, 1), (9521, 1), (9536, 1), (9632, 1), (9635, 1), (9649, 1), (9666, 1), (9707, 1), (9710, 2), (9742, 1), (9798, 1), (9840, 1), (9936, 1), (9943, 1), (9985, 1), (10123, 1), (10177, 1), (10185, 2), (10244, 1), (10369, 2), (10514, 1), (10541, 1), (10696, 1), (10858, 1), (10873, 1), (10915, 1), (10930, 1), (10973, 1), (11090, 1), (11148, 1), (11156, 1), (11344, 1), (11380, 1), (11461, 1), (11472, 1), (11517, 1), (11577, 2), (11597, 1), (11669, 1), (11709, 1), (11923, 1), (11945, 1), (12129, 1), (12163, 1), (12261, 1), (12449, 1), (12527, 1), (12682, 1), (12702, 1), (12833, 1), (12855, 1), (12902, 1), (12935, 1), (12988, 1), (13181, 1), (13222, 2), (13277, 1), (13359, 1), (13362, 1), (13366, 1), (13439, 1), (13480, 1), (13973, 1), (14103, 1), (14149, 1), (14239, 1), (14268, 1), (14365, 1), (14421, 1), (14481, 1), (14487, 1), (14537, 1), (14732, 1), (14747, 1), (14776, 1), (14797, 1), (14858, 1), (14895, 1), (14954, 1), (14996, 1), (15042, 1), (15060, 1), (15298, 1), (15378, 1), (15439, 1), (15453, 1), (15499, 1), (15677, 1), (15883, 1), (15909, 1), (15922, 1), (16096, 1), (16098, 1), (16134, 1), (16161, 1), (16180, 1), (16196, 1), (16230, 1), (16285, 1), (16402, 1), (16571, 1), (16576, 1), (16637, 1), (16653, 1), (16739, 1), (16747, 2), (16783, 1), (16787, 1), (16839, 1), (16840, 1), (17015, 1), (17084, 1), (17142, 1), (17149, 1), (17176, 1), (17181, 1), (17214, 1), (17450, 1), (17464, 1), (17495, 1), (17500, 1), (17712, 1), (17715, 1), (17719, 1), (17941, 2), (17949, 1), (17974, 1), (18113, 1), (18165, 1), (18201, 1), (18281, 1), (18394, 2), (18518, 1), (18548, 1), (18601, 1), (18654, 1), (18661, 1), (18699, 1), (18704, 1), (18720, 1), (18781, 2), (18788, 1), (18931, 1), (18941, 1), (19098, 1), (19107, 2), (19273, 1), (19356, 1), (19556, 1), (19622, 1), (19704, 2), (19823, 1), (19824, 1), (19831, 1), (19884, 1), (20010, 1), (20026, 1), (20031, 1), (20058, 1), (20207, 1), (20227, 1), (20296, 1), (20300, 1), (20389, 1), (20407, 1), (20409, 1), (20509, 1), (20560, 1), (20632, 1), (20636, 2), (20659, 1), (20670, 1), (20925, 1), (21174, 1), (21206, 1), (21356, 1), (21480, 1), (21529, 1), (21573, 1), (21601, 1), (21612, 1), (21624, 1), (21667, 1), (21823, 1), (21828, 1), (21997, 1), (22153, 1), (22200, 1), (22209, 1), (22483, 1), (22488, 1), (22662, 1), (22679, 1), (22703, 1), (22754, 1), (22821, 1), (22959, 1), (23179, 1), (23182, 2), (23186, 1), (23205, 2), (23210, 1), (23216, 1), (23269, 1), (23380, 1), (23448, 1), (23463, 1), (23528, 2), (23699, 1), (23712, 1), (23794, 1), (23900, 1), (23934, 1), (23977, 1), (24162, 1), (24251, 1), (24282, 1), (24448, 2), (24516, 1), (24551, 1), (24592, 1), (24896, 1), (24902, 1), (24963, 1), (25052, 1), (25055, 1), (25172, 1), (25216, 2), (25305, 1), (25362, 1), (25418, 1), (25446, 1), (25495, 1), (25595, 1), (25684, 1), (25718, 1), (25860, 1), (25889, 1), (25942, 1), (25991, 1), (26076, 1), (26200, 1), (26215, 1), (26265, 1), (26292, 1), (26514, 1), (26636, 2), (26742, 1), (26800, 1), (26810, 1), (26958, 1), (27051, 1), (27172, 1), (27289, 1), (27305, 1), (27312, 1), (27356, 1), (27384, 1), (27447, 1), (27465, 1), (27468, 1), (27473, 1), (27474, 1), (27559, 1), (27628, 1), (27734, 1), (27812, 1), (27860, 1), (27951, 1), (27954, 1), (28087, 1), (28110, 1), (28216, 1), (28229, 1), (28296, 1), (28431, 1), (28466, 1), (28553, 1), (28621, 1), (28710, 1), (28720, 1), (28722, 1), (28746, 1), (28779, 1), (28847, 1), (29085, 1), (29173, 1), (29186, 1), (29192, 1), (29224, 2), (29411, 1), (29466, 1), (29505, 1), (29519, 1), (29557, 1), (29611, 1), (29763, 1), (29798, 2), (29801, 2), (29822, 2), (29828, 1), (29850, 1), (29892, 1), (29898, 1), (30030, 1), (30046, 1), (30084, 1), (30145, 1), (30164, 1), (30390, 1), (30444, 1), (30454, 1), (30503, 1), (30520, 1), (30545, 2), (30660, 1), (30667, 1), (30928, 1), (31041, 1), (31048, 1), (31057, 1), (31066, 1), (31069, 1), (31102, 1), (31140, 1), (31165, 1), (31192, 1), (31200, 1), (31210, 1), (31268, 2), (31370, 1), (31585, 1), (31790, 1), (31873, 1), (31914, 1), (31921, 1), (31961, 1), (31984, 1), (32012, 1), (32124, 1), (32136, 1), (32726, 1), (32745, 1), (32756, 1), (32864, 1), (32940, 1), (33053, 1), (33114, 1), (33169, 1), (33199, 1), (33229, 1), (33375, 1), (33466, 1), (33500, 1), (33537, 1), (33540, 1), (33608, 1), (33617, 1), (33646, 1), (33651, 2), (33797, 1), (33869, 1), (34066, 1), (34134, 1), (34152, 1), (34194, 1), (34228, 1), (34257, 1), (34309, 1), (34425, 1), (34444, 1), (34607, 1), (34690, 1), (34712, 1), (34720, 1), (34724, 1), (34825, 1), (34915, 2), (34969, 1), (34975, 1), (35076, 2), (35185, 1), (35203, 1), (35344, 1), (35385, 2), (35406, 1), (35456, 1), (35542, 1), (35564, 1), (35588, 1), (35591, 1), (35610, 1), (35656, 1), (35768, 1), (35974, 1), (36052, 1), (36184, 1), (36257, 1), (36399, 1), (36451, 1), (36459, 1), (36582, 1), (36686, 1), (36749, 1), (36802, 1), (36915, 1), (36981, 2), (37193, 1), (37267, 1), (37284, 1), (37434, 1), (37449, 1), (37505, 1), (37537, 1), (37543, 1), (37592, 1), (37602, 1), (37642, 1), (37675, 1), (37730, 1), (37741, 1), (37806, 1), (37923, 1), (37959, 1), (38276, 1), (38552, 1), (38575, 1), (38576, 1), (38605, 1), (38637, 1), (38762, 1), (38819, 1), (38848, 1), (38851, 1), (38900, 1), (38920, 1), (38927, 1), (39064, 1), (39083, 1), (39124, 1), (39195, 1), (39215, 1), (39342, 1), (39390, 1), (39394, 1), (39479, 1), (39685, 1), (39841, 1), (39904, 1), (40067, 1), (40204, 1), (40267, 1), (40319, 1), (40534, 1), (40596, 1), (40688, 1), (40702, 1), (40852, 1), (40866, 1), (40868, 1), (40885, 1), (40911, 1), (41087, 2), (41092, 1), (41102, 1), (41172, 1), (41176, 1), (41216, 1), (41360, 1), (41363, 1), (41812, 1), (41836, 1), (41879, 1), (41925, 1), (41950, 1), (42007, 1), (42089, 2), (42153, 1), (42191, 1)]"
Mónica,"[(21862, 1), (28863, 7), (31458, 1)]"
sting,"[(232, 3), (337, 1), (449, 1), (551, 1), (1699, 1), (2981, 1), (3018, 1), (3172, 1), (3786, 1), (4347, 1), (5203, 1), (5315, 1), (5760, 1), (6292, 1), (6967, 1), (7084, 1), (7631, 1), (7878, 1), (8021, 1), (8047, 3), (8383, 1), (9695, 1), (9986, 2), (10287, 1), (10341, 1), (11448, 1), (11794, 1), (11982, 1), (12588, 1), (12666, 1), (12895, 2), (13230, 1), (13306, 1), (13632, 1), (15349, 1), (16932, 1), (18673, 1), (19008, 1), (19516, 1), (20792, 1), (21094, 1), (23466, 1), (23929, 1), (24195, 1), (24404, 1), (24812, 1), (25101, 2), (25214, 1), (25560, 1), (26202, 1), (26462, 1), (27237, 1), (29538, 1), (30089, 1), (30290, 1), (30574, 1), (30730, 1), (31085, 2), (31172, 1), (31286, 1), (31905, 1), (31923, 1), (32687, 1), (32804, 1), (32886, 1), (32914, 1), (33493, 1), (33553, 1), (33733, 8), (33845, 1), (34828, 1), (34901, 1), (35032, 1), (35544, 1), (36398, 1), (37424, 2), (38022, 1), (38032, 1), (38078, 2), (38349, 1), (38391, 1), (38398, 1), (39039, 6), (39203, 1), (39903, 2), (40112, 1), (40230, 3), (40473, 1), (40952, 1), (41035, 1), (41674, 2), (42037, 1)]"
Mitali,"[(665, 9), (13395, 1), (16836, 1), (20642, 1)]"
Guilalium,"[(27231, 1)]"
calorie,"[(15347, 1), (26340, 1), (28754, 1), (32856, 1)]"
Gibby,"[(3072, 6), (14656, 1), (29390, 3), (36702, 15)]"
Coordinating,"[(26577, 1)]"
hallucigenic,"[(16446, 1)]"
Turu,"[(7191, 2)]"
Sabitha,"[(13062, 1)]"
Aniyan,"[(1920, 2), (11539, 2), (25475, 2), (25612, 2)]"
grasshopper,"[(2857, 1), (11923, 2), (14406, 2), (14912, 6), (15944, 1), (28379, 1), (33491, 1), (34056, 1), (36762, 3)]"
mayday,"[(4797, 1), (19047, 1), (26292, 1)]"
manacled,"[(17367, 1), (30512, 1)]"
Interwoven,"[(6366, 1), (22880, 1), (35049, 1)]"
Thakurain,"[(13171, 1)]"
Bart,"[(389, 1), (1201, 6), (1574, 3), (2085, 1), (2724, 2), (5012, 18), (5072, 24), (5158, 1), (6363, 3), (6565, 1), (6774, 4), (9333, 11), (9631, 23), (9636, 4), (12239, 13), (12414, 1), (12516, 2), (13368, 9), (13752, 1), (14748, 2), (14822, 6), (14950, 1), (15732, 6), (16121, 6), (16591, 1), (17424, 2), (17588, 1), (17895, 27), (17933, 2), (18111, 6), (19768, 18), (19776, 5), (21422, 1), (21884, 1), (21927, 12), (24659, 1), (25158, 1), (25295, 10), (26614, 1), (26690, 5), (27109, 3), (28534, 1), (31122, 2), (33096, 3), (34085, 1), (34306, 1), (35183, 3), (36662, 1), (39272, 1), (40812, 6), (40833, 4), (41157, 2)]"
Caimana,"[(39577, 1)]"
BEnding,"[(20351, 1)]"
brotherhood,"[(270, 1), (522, 1), (661, 1), (1534, 1), (10697, 1), (10898, 1), (11430, 1), (12168, 1), (12169, 1), (12795, 1), (16027, 1), (20243, 2), (21475, 2), (23018, 1), (23425, 1), (24899, 1), (25456, 1), (26188, 2), (26238, 1), (27561, 1), (28534, 1), (34594, 1), (35175, 1), (35239, 1), (40716, 1), (41585, 1)]"
Ackenthorpe,"[(22295, 4)]"
conduits,"[(6812, 1), (20065, 1)]"
Kelli,"[(12609, 2), (17710, 3), (22653, 1), (37294, 2), (37633, 2)]"
Peaceful,"[(11597, 1), (25192, 1), (29261, 1), (31428, 1), (36590, 1)]"
Balgandharva,"[(7492, 3)]"
première,"[(11127, 1), (18046, 1), (20297, 1), (37952, 1)]"
Weiß,"[(39972, 1)]"
Schroer,"[(16797, 1)]"
accept,"[(74, 1), (80, 1), (83, 1), (117, 1), (166, 1), (277, 1), (281, 1), (294, 1), (303, 1), (479, 1), (480, 1), (489, 1), (497, 1), (543, 1), (579, 1), (626, 1), (635, 1), (636, 1), (679, 1), (705, 1), (752, 1), (788, 1), (833, 1), (837, 1), (842, 1), (848, 2), (852, 1), (890, 1), (902, 1), (999, 1), (1007, 2), (1019, 2), (1082, 1), (1103, 2), (1119, 1), (1163, 1), (1189, 1), (1200, 2), (1211, 1), (1290, 1), (1326, 1), (1355, 1), (1391, 1), (1452, 1), (1496, 1), (1588, 1), (1591, 1), (1595, 1), (1628, 1), (1669, 1), (1725, 1), (1732, 1), (1782, 1), (1794, 2), (1819, 1), (1891, 1), (1915, 1), (1938, 1), (1954, 1), (2016, 1), (2041, 1), (2141, 1), (2170, 1), (2183, 1), (2239, 1), (2245, 1), (2278, 1), (2340, 2), (2350, 1), (2371, 4), (2398, 1), (2423, 1), (2474, 1), (2511, 1), (2558, 2), (2590, 1), (2649, 1), (2747, 2), (2772, 1), (2808, 1), (2821, 1), (3005, 1), (3044, 1), (3049, 1), (3054, 1), (3105, 1), (3168, 1), (3204, 1), (3209, 1), (3218, 1), (3223, 1), (3242, 1), (3248, 1), (3253, 1), (3255, 3), (3323, 1), (3368, 1), (3393, 2), (3415, 1), (3417, 1), (3419, 1), (3430, 1), (3448, 1), (3470, 1), (3553, 1), (3564, 1), (3613, 1), (3636, 1), (3637, 2), (3674, 1), (3686, 1), (3687, 1), (3770, 1), (3782, 1), (3817, 1), (3833, 1), (3851, 1), (3860, 1), (3908, 1), (3924, 1), (3972, 1), (4027, 1), (4046, 1), (4081, 1), (4140, 1), (4223, 1), (4234, 1), (4251, 1), (4278, 1), (4304, 1), (4323, 1), (4325, 1), (4394, 1), (4399, 1), (4419, 1), (4453, 1), (4455, 1), (4499, 2), (4575, 1), (4637, 1), (4674, 1), (4685, 1), (4696, 1), (4715, 1), (4722, 1), (4768, 1), (4781, 1), (4830, 1), (4843, 2), (4884, 1), (4900, 1), (4954, 1), (4989, 1), (5022, 1), (5026, 1), (5138, 1), (5142, 1), (5171, 1), (5184, 1), (5215, 1), (5223, 2), (5235, 1), (5236, 1), (5267, 1), (5306, 1), (5321, 2), (5331, 1), (5366, 1), (5367, 1), (5443, 1), (5461, 1), (5464, 1), (5479, 3), (5496, 1), (5524, 1), (5556, 1), (5582, 1), (5657, 1), (5702, 1), (5768, 1), (5773, 1), (5800, 1), (5812, 1), (5827, 1), (5857, 1), (5983, 1), (5996, 1), (6173, 1), (6210, 1), (6300, 1), (6309, 1), (6320, 1), (6346, 1), (6391, 1), (6409, 1), (6455, 1), (6492, 1), (6502, 1), (6521, 2), (6529, 1), (6583, 1), (6589, 1), (6608, 1), (6672, 2), (6730, 1), (6741, 1), (6759, 1), (6822, 1), (6868, 1), (6891, 1), (6989, 1), (6996, 2), (7001, 1), (7029, 1), (7072, 1), (7181, 1), (7209, 1), (7211, 1), (7245, 1), (7260, 1), (7271, 1), (7285, 1), (7307, 1), (7353, 1), (7368, 1), (7371, 1), (7391, 1), (7397, 1), (7416, 1), (7422, 1), (7424, 1), (7503, 2), (7525, 1), (7538, 1), (7549, 1), (7555, 1), (7570, 1), (7650, 1), (7679, 1), (7681, 1), (7713, 1), (7716, 1), (7723, 1), (7725, 1), (7761, 1), (7779, 1), (7785, 1), (7833, 1), (7885, 1), (8039, 1), (8060, 1), (8163, 1), (8245, 1), (8249, 2), (8259, 1), (8265, 1), (8273, 1), (8299, 1), (8333, 1), (8348, 1), (8409, 1), (8437, 1), (8595, 1), (8596, 1), (8615, 1), (8640, 1), (8660, 1), (8679, 1), (8738, 1), (8781, 1), (8847, 1), (8849, 1), (8906, 1), (8923, 1), (8924, 1), (8948, 2), (8955, 1), (8987, 1), (9005, 1), (9007, 1), (9011, 1), (9035, 1), (9108, 1), (9214, 1), (9217, 1), (9221, 1), (9244, 1), (9380, 1), (9390, 1), (9411, 1), (9452, 2), (9647, 1), (9657, 1), (9692, 1), (9706, 1), (9725, 1), (9736, 1), (9757, 1), (9779, 2), (9781, 1), (9815, 1), (9846, 1), (9852, 1), (9856, 1), (9866, 1), (10088, 1), (10093, 1), (10108, 1), (10144, 1), (10245, 1), (10261, 1), (10270, 1), (10291, 1), (10292, 1), (10298, 1), (10332, 1), (10340, 1), (10372, 1), (10390, 1), (10391, 1), (10450, 1), (10496, 1), (10547, 1), (10610, 1), (10624, 2), (10632, 2), (10634, 1), (10638, 1), (10640, 1), (10684, 1), (10709, 1), (10741, 2), (10833, 1), (10878, 1), (10921, 1), (10954, 1), (10955, 1), (11005, 1), (11087, 1), (11150, 1), (11168, 1), (11179, 1), (11181, 1), (11198, 1), (11255, 1), (11319, 1), (11337, 1), (11368, 1), (11432, 1), (11466, 1), (11517, 1), (11520, 1), (11574, 1), (11600, 1), (11615, 1), (11673, 1), (11704, 1), (11727, 1), (11755, 1), (11775, 1), (11808, 1), (11830, 1), (11840, 1), (11877, 1), (11903, 1), (11950, 1), (11952, 1), (11973, 1), (12100, 1), (12117, 1), (12133, 1), (12140, 1), (12144, 1), (12156, 1), (12194, 1), (12254, 1), (12287, 1), (12310, 1), (12392, 1), (12498, 1), (12607, 1), (12611, 1), (12667, 1), (12668, 1), (12726, 1), (12865, 1), (12882, 1), (12898, 1), (12928, 1), (12963, 1), (12967, 1), (13043, 1), (13052, 1), (13059, 1), (13070, 1), (13124, 1), (13139, 1), (13145, 1), (13150, 1), (13168, 1), (13234, 1), (13251, 1), (13284, 1), (13301, 1), (13315, 1), (13329, 1), (13347, 1), (13362, 1), (13395, 1), (13434, 1), (13436, 1), (13460, 1), (13470, 1), (13471, 1), (13568, 1), (13579, 1), (13593, 1), (13610, 1), (13652, 1), (13668, 1), (13675, 1), (13709, 1), (13710, 1), (13769, 1), (13783, 2), (13863, 1), (13889, 1), (13907, 1), (13911, 1), (13917, 1), (13933, 1), (14000, 1), (14004, 1), (14013, 1), (14046, 1), (14053, 1), (14121, 1), (14140, 1), (14245, 1), (14280, 1), (14320, 1), (14349, 1), (14353, 1), (14358, 1), (14383, 1), (14394, 1), (14409, 1), (14421, 2), (14461, 2), (14504, 1), (14508, 1), (14551, 1), (14561, 1), (14619, 1), (14646, 1), (14706, 1), (14748, 1), (14771, 1), (14793, 1), (14804, 1), (14857, 1), (14899, 1), (14918, 1), (14939, 1), (14941, 1), (14944, 1), (14957, 1), (14996, 1), (15009, 1), (15079, 1), (15087, 1), (15122, 1), (15158, 1), (15188, 1), (15204, 1), (15212, 1), (15343, 1), (15387, 1), (15397, 1), (15444, 1), (15502, 1), (15534, 1), (15561, 1), (15602, 1), (15657, 1), (15673, 1), (15706, 1), (15724, 1), (15745, 1), (15756, 1), (15768, 1), (15862, 1), (15896, 1), (16071, 1), (16078, 1), (16088, 1), (16090, 2), (16101, 1), (16158, 1), (16159, 1), (16161, 1), (16255, 1), (16310, 1), (16312, 1), (16327, 1), (16379, 2), (16421, 1), (16430, 1), (16445, 1), (16492, 1), (16511, 1), (16517, 2), (16561, 1), (16583, 1), (16601, 1), (16634, 1), (16644, 1), (16663, 1), (16675, 1), (16785, 1), (16803, 1), (16832, 1), (16867, 1), (16878, 1), (16927, 2), (16969, 1), (16988, 1), (16999, 1), (17047, 1), (17087, 1), (17108, 1), (17128, 1), (17163, 1), (17173, 1), (17188, 1), (17194, 1), (17198, 1), (17207, 1), (17274, 1), (17306, 1), (17393, 1), (17416, 1), (17429, 1), (17446, 1), (17495, 1), (17501, 1), (17624, 1), (17640, 1), (17695, 1), (17726, 1), (17729, 1), (17779, 1), (17821, 2), (17830, 1), (17957, 2), (17989, 1), (18017, 1), (18018, 1), (18023, 1), (18046, 1), (18065, 1), (18113, 1), (18134, 1), (18163, 2), (18184, 1), (18187, 1), (18195, 1), (18203, 1), (18210, 1), (18227, 2), (18287, 1), (18288, 2), (18308, 2), (18317, 1), (18374, 1), (18529, 1), (18562, 1), (18594, 1), (18659, 1), (18661, 1), (18681, 1), (18695, 1), (18707, 1), (18715, 1), (18720, 1), (18726, 2), (18780, 1), (18790, 1), (18841, 1), (18845, 1), (18861, 1), (18916, 2), (18927, 1), (19036, 1), (19052, 1), (19173, 1), (19273, 1), (19289, 1), (19295, 1), (19357, 1), (19368, 1), (19377, 1), (19395, 1), (19431, 1), (19434, 1), (19444, 1), (19478, 1), (19479, 1), (19708, 1), (19769, 1), (19795, 1), (19798, 1), (19806, 1), (19849, 1), (19851, 1), (19877, 1), (19914, 1), (19922, 1), (19940, 1), (19957, 1), (19983, 1), (19987, 1), (19988, 1), (20041, 1), (20062, 1), (20080, 1), (20134, 1), (20158, 1), (20184, 1), (20207, 1), (20218, 1), (20263, 1), (20283, 1), (20300, 1), (20308, 1), (20347, 1), (20392, 1), (20424, 1), (20490, 1), (20519, 1), (20577, 1), (20578, 1), (20605, 1), (20664, 1), (20669, 1), (20680, 1), (20756, 1), (20797, 1), (20803, 1), (20845, 1), (20849, 1), (20896, 1), (20897, 1), (20917, 1), (20939, 1), (20972, 1), (21000, 2), (21125, 1), (21135, 1), (21181, 1), (21206, 1), (21220, 1), (21231, 3), (21290, 1), (21368, 1), (21393, 1), (21443, 1), (21447, 1), (21464, 1), (21471, 1), (21472, 1), (21476, 1), (21559, 1), (21563, 1), (21564, 1), (21601, 1), (21610, 2), (21611, 1), (21638, 1), (21652, 1), (21687, 1), (21688, 1), (21705, 1), (21757, 1), (21793, 2), (21804, 1), (21819, 1), (21820, 1), (21840, 1), (21864, 1), (21887, 1), (21900, 1), (21920, 1), (21922, 1), (21933, 1), (21971, 1), (21987, 1), (22002, 1), (22006, 2), (22045, 1), (22150, 1), (22199, 1), (22200, 1), (22201, 1), (22205, 1), (22237, 2), (22249, 1), (22385, 1), (22392, 2), (22478, 1), (22480, 1), (22527, 1), (22538, 2), (22547, 1), (22566, 1), (22567, 1), (22583, 1), (22640, 1), (22647, 3), (22652, 1), (22764, 1), (22811, 1), (22816, 2), (22818, 1), (22829, 1), (22840, 1), (22846, 1), (22861, 1), (22876, 1), (22980, 1), (23048, 1), (23123, 1), (23134, 1), (23156, 1), (23177, 1), (23208, 1), (23241, 1), (23373, 1), (23382, 1), (23419, 1), (23448, 1), (23460, 1), (23462, 1), (23558, 1), (23619, 1), (23626, 1), (23649, 1), (23714, 2), (23723, 1), (23746, 1), (23775, 1), (23803, 1), (23854, 1), (23867, 1), (23870, 1), (23875, 1), (23906, 2), (23911, 1), (23956, 1), (23961, 1), (23996, 1), (24010, 1), (24072, 1), (24075, 1), (24125, 2), (24133, 1), (24145, 1), (24172, 1), (24192, 1), (24276, 1), (24337, 1), (24354, 1), (24370, 1), (24414, 1), (24471, 1), (24488, 1), (24500, 1), (24505, 1), (24527, 2), (24586, 1), (24655, 1), (24673, 1), (24674, 2), (24749, 1), (24913, 2), (24914, 1), (25047, 1), (25078, 1), (25098, 1), (25112, 1), (25130, 1), (25150, 1), (25309, 1), (25398, 1), (25418, 1), (25493, 1), (25531, 1), (25567, 1), (25568, 2), (25622, 1), (25635, 1), (25646, 1), (25686, 1), (25690, 1), (25698, 1), (25733, 1), (25806, 1), (25855, 1), (25863, 1), (25877, 1), (25893, 1), (25921, 1), (25928, 1), (25962, 1), (25985, 1), (26023, 1), (26063, 1), (26105, 1), (26116, 1), (26124, 1), (26149, 1), (26196, 1), (26206, 1), (26228, 1), (26251, 1), (26332, 1), (26337, 1), (26357, 1), (26363, 1), (26436, 1), (26470, 1), (26479, 2), (26535, 1), (26540, 1), (26595, 1), (26678, 1), (26716, 1), (26730, 1), (26755, 1), (26769, 1), (26779, 1), (26803, 1), (26833, 1), (26837, 2), (26874, 1), (26904, 1), (26912, 1), (26936, 1), (26953, 1), (26974, 1), (26995, 1), (27015, 1), (27051, 1), (27172, 1), (27175, 1), (27306, 1), (27362, 1), (27397, 1), (27409, 1), (27429, 1), (27444, 1), (27475, 1), (27506, 1), (27551, 1), (27586, 1), (27622, 1), (27633, 1), (27681, 1), (27700, 1), (27728, 1), (27752, 1), (27772, 1), (27776, 1), (27831, 1), (27857, 1), (27869, 1), (27915, 1), (27959, 1), (27965, 1), (28010, 1), (28118, 1), (28141, 1), (28182, 1), (28222, 1), (28235, 1), (28251, 1), (28253, 1), (28277, 1), (28330, 1), (28368, 1), (28431, 1), (28467, 1), (28516, 1), (28517, 1), (28548, 1), (28576, 1), (28581, 1), (28601, 1), (28621, 3), (28648, 1), (28703, 1), (28722, 1), (28756, 1), (28762, 2), (28791, 1), (28852, 1), (28928, 1), (28931, 1), (28949, 1), (28959, 1), (28970, 1), (28990, 1), (29006, 1), (29016, 1), (29021, 1), (29124, 1), (29137, 1), (29174, 1), (29208, 2), (29306, 1), (29314, 1), (29316, 1), (29333, 1), (29376, 1), (29387, 1), (29410, 1), (29423, 1), (29465, 1), (29466, 1), (29477, 1), (29479, 1), (29499, 1), (29519, 1), (29579, 1), (29660, 2), (29689, 1), (29691, 2), (29794, 1), (29823, 1), (29826, 1), (29827, 1), (29828, 1), (29829, 1), (29896, 1), (29975, 1), (29977, 1), (29998, 1), (30016, 1), (30022, 1), (30097, 1), (30121, 1), (30142, 1), (30149, 1), (30196, 1), (30206, 1), (30270, 1), (30284, 1), (30289, 1), (30317, 1), (30330, 1), (30335, 1), (30367, 1), (30382, 1), (30406, 1), (30443, 1), (30478, 1), (30484, 1), (30538, 1), (30559, 1), (30657, 1), (30730, 1), (30750, 1), (30757, 1), (30769, 1), (30777, 2), (30831, 1), (30910, 1), (30956, 1), (30970, 1), (30976, 1), (31002, 1), (31028, 1), (31075, 1), (31082, 1), (31100, 1), (31104, 1), (31107, 1), (31134, 1), (31141, 1), (31236, 1), (31249, 1), (31263, 1), (31283, 1), (31295, 1), (31486, 3), (31492, 1), (31506, 1), (31507, 1), (31525, 1), (31541, 1), (31553, 2), (31583, 1), (31594, 1), (31599, 1), (31612, 1), (31625, 1), (31639, 1), (31715, 1), (31780, 1), (31790, 3), (31791, 1), (31838, 1), (31927, 1), (32005, 1), (32014, 1), (32031, 1), (32049, 1), (32079, 1), (32098, 1), (32137, 1), (32145, 1), (32207, 1), (32244, 1), (32252, 1), (32319, 1), (32339, 1), (32352, 1), (32364, 1), (32378, 1), (32413, 1), (32414, 1), (32438, 1), (32446, 1), (32452, 1), (32459, 1), (32480, 1), (32493, 1), (32496, 2), (32552, 1), (32576, 1), (32583, 1), (32641, 1), (32692, 1), (32735, 1), (32750, 1), (32768, 1), (32772, 1), (32794, 1), (32862, 1), (32865, 1), (32883, 1), (32916, 1), (32924, 1), (32970, 1), (33005, 3), (33036, 1), (33160, 1), (33162, 1), (33209, 1), (33223, 2), (33233, 1), (33299, 1), (33306, 1), (33340, 1), (33343, 1), (33366, 1), (33407, 1), (33452, 1), (33455, 1), (33472, 1), (33526, 2), (33527, 1), (33569, 1), (33590, 1), (33611, 1), (33627, 1), (33675, 1), (33683, 1), (33708, 1), (33728, 1), (33791, 1), (33797, 1), (33809, 1), (33828, 1), (33849, 1), (33893, 1), (33988, 1), (33991, 1), (34058, 1), (34085, 1), (34087, 1), (34136, 1), (34152, 1), (34184, 1), (34215, 1), (34279, 1), (34396, 1), (34402, 1), (34416, 1), (34439, 1), (34470, 1), (34478, 1), (34534, 1), (34549, 1), (34563, 1), (34565, 1), (34591, 1), (34612, 1), (34672, 1), (34732, 1), (34815, 1), (34842, 1), (34905, 1), (34937, 1), (34956, 1), (35082, 1), (35149, 1), (35151, 1), (35154, 1), (35203, 1), (35206, 1), (35225, 1), (35233, 1), (35247, 1), (35266, 1), (35295, 1), (35308, 1), (35390, 1), (35394, 1), (35542, 1), (35571, 2), (35603, 1), (35636, 1), (35707, 1), (35719, 1), (35724, 1), (35752, 1), (35811, 1), (35850, 3), (35875, 1), (35885, 1), (35941, 1), (35998, 1), (36022, 1), (36036, 1), (36174, 1), (36189, 1), (36200, 1), (36209, 1), (36212, 1), (36263, 1), (36316, 1), (36356, 1), (36413, 1), (36420, 1), (36437, 1), (36517, 1), (36537, 1), (36554, 1), (36581, 1), (36625, 1), (36693, 1), (36729, 1), (36741, 1), (36744, 1), (36757, 1), (36768, 1), (36782, 1), (36928, 1), (36933, 1), (36939, 1), (36954, 1), (36959, 1), (37014, 1), (37030, 1), (37072, 1), (37116, 1), (37122, 1), (37165, 1), (37168, 1), (37186, 2), (37249, 1), (37307, 1), (37375, 1), (37377, 2), (37436, 1), (37493, 2), (37510, 1), (37532, 1), (37535, 1), (37536, 1), (37579, 1), (37581, 1), (37654, 1), (37675, 1), (37684, 1), (37727, 1), (37730, 1), (37767, 1), (37795, 1), (37821, 1), (37862, 1), (37893, 2), (37926, 1), (38088, 1), (38109, 1), (38120, 1), (38140, 2), (38156, 1), (38172, 1), (38175, 1), (38203, 1), (38217, 1), (38255, 1), (38260, 1), (38280, 1), (38283, 1), (38330, 1), (38368, 1), (38400, 1), (38419, 1), (38430, 1), (38435, 1), (38553, 1), (38562, 1), (38565, 1), (38617, 1), (38641, 2), (38663, 1), (38665, 1), (38679, 1), (38687, 1), (38689, 1), (38690, 1), (38691, 1), (38727, 1), (38770, 1), (38795, 1), (38820, 1), (38832, 1), (38914, 1), (38965, 1), (39058, 1), (39083, 1), (39168, 1), (39204, 1), (39208, 1), (39282, 2), (39285, 1), (39294, 1), (39310, 1), (39312, 2), (39337, 1), (39344, 1), (39378, 1), (39379, 1), (39429, 1), (39476, 1), (39535, 2), (39540, 1), (39631, 1), (39647, 1), (39648, 1), (39653, 1), (39669, 1), (39716, 1), (39764, 1), (39789, 1), (39832, 1), (39859, 1), (40028, 1), (40064, 1), (40097, 1), (40111, 2), (40112, 1), (40130, 1), (40182, 1), (40255, 1), (40303, 3), (40306, 1), (40337, 2), (40342, 1), (40352, 1), (40409, 1), (40467, 1), (40469, 2), (40498, 1), (40504, 1), (40582, 1), (40596, 1), (40597, 3), (40607, 1), (40664, 1), (40701, 1), (40706, 1), (40736, 1), (40746, 1), (40829, 1), (40854, 1), (40865, 1), (40874, 1), (40875, 1), (40906, 1), (40930, 1), (40937, 1), (40948, 1), (40957, 1), (41000, 1), (41022, 1), (41026, 1), (41050, 1), (41092, 1), (41096, 1), (41100, 2), (41122, 1), (41165, 1), (41200, 1), (41231, 1), (41363, 1), (41373, 1), (41390, 1), (41393, 1), (41471, 1), (41584, 1), (41592, 1), (41612, 1), (41618, 1), (41639, 1), (41657, 1), (41665, 1), (41753, 1), (41763, 1), (41764, 1), (41819, 1), (41845, 1), (41863, 1), (41880, 1), (41966, 1), (42008, 1), (42154, 1), (42170, 1)]"
prescriptions,"[(2818, 1), (12339, 1), (17715, 1), (26118, 1), (27940, 1)]"
Ginsburg,"[(1101, 2), (4511, 1), (14468, 2), (24192, 1)]"
Readiness,"[(9154, 1)]"
subaltern,"[(17457, 1), (27787, 1)]"
Zaki,"[(19905, 3), (34537, 2)]"
Whitehorse,"[(21519, 4), (32325, 10)]"
Pascalle,"[(18316, 1)]"
Icarosaurus,"[(7055, 2)]"
starburst,"[(7192, 1)]"
amicable,"[(1819, 1), (11013, 1), (12472, 1), (14002, 1), (14099, 1), (19770, 1), (25428, 1), (26468, 1), (30404, 1), (34022, 1), (35562, 1), (37364, 1), (40461, 1)]"
Jyotirindranath,"[(28958, 2)]"
megapiranha,"[(22590, 7)]"
Babirusa,"[(13845, 1)]"
storebought,"[(33135, 1)]"
Bickleton,"[(21590, 1)]"
Bhagvanti,"[(26390, 3)]"
diction,"[(4752, 1), (34821, 1), (35674, 1), (38948, 1)]"
3pm,"[(6026, 1)]"
spoilers,"[(16887, 1)]"
Mooning,"[(25401, 1)]"
horla,"[(32693, 9)]"
dematerializes,"[(18786, 1)]"
examining,"[(491, 1), (941, 1), (1466, 1), (1701, 1), (2109, 1), (2150, 1), (2517, 1), (3256, 1), (4141, 1), (4697, 1), (5010, 1), (5154, 1), (5827, 1), (6057, 1), (6130, 1), (6409, 1), (6480, 1), (6721, 1), (6863, 1), (7062, 1), (7114, 1), (7140, 1), (7291, 1), (7449, 1), (8588, 1), (8708, 1), (9425, 1), (9621, 1), (9689, 1), (10701, 1), (11121, 1), (11890, 1), (11970, 1), (12930, 1), (13411, 1), (13474, 1), (13731, 1), (14103, 1), (14200, 1), (15514, 1), (17885, 1), (17997, 1), (18312, 1), (18415, 1), (18681, 1), (18746, 1), (19369, 1), (19478, 1), (20081, 1), (20826, 1), (21312, 1), (21754, 1), (22009, 1), (22024, 1), (22237, 1), (22937, 1), (23038, 1), (24216, 1), (25388, 1), (25514, 1), (26050, 1), (27594, 1), (27685, 1), (27970, 1), (28212, 1), (29991, 1), (30025, 1), (30074, 1), (30865, 1), (31513, 1), (32494, 1), (32502, 1), (32572, 1), (32790, 1), (33904, 1), (34268, 1), (34271, 1), (35087, 1), (35489, 1), (35763, 1), (36655, 1), (36869, 1), (37066, 1), (37619, 1), (37730, 1), (38746, 1), (39560, 1), (39609, 1), (40957, 1), (41326, 1), (41423, 1), (41765, 1)]"
habitable,"[(711, 1), (3060, 1), (3432, 1), (12259, 1), (12697, 1), (13367, 1), (15087, 1), (21575, 1), (21905, 1), (31530, 1), (33068, 1), (34530, 1), (34643, 1), (35489, 1), (39801, 1), (42063, 1)]"
Housemaid,"[(12119, 1), (26363, 1), (36249, 1)]"
delineates,"[(15050, 1)]"
Offs,"[(37723, 2)]"
Thalappavu,"[(21025, 1)]"
coonoor,"[(5697, 3)]"
executioners,"[(4300, 1), (9805, 1), (13213, 1), (21931, 1), (27809, 2), (29169, 1), (30373, 1), (36552, 1), (40917, 4)]"
suckas,"[(7652, 2)]"
miserably,"[(1117, 1), (1331, 1), (4130, 1), (4156, 1), (5587, 1), (7237, 1), (7461, 1), (7843, 1), (8019, 1), (8179, 1), (8395, 1), (9285, 1), (9299, 1), (9653, 1), (11791, 1), (12129, 1), (12479, 1), (12516, 1), (14088, 1), (16096, 1), (16337, 1), (16407, 1), (17058, 1), (17398, 1), (17657, 1), (17987, 1), (18134, 1), (19505, 1), (20180, 1), (20515, 1), (20545, 1), (22255, 1), (22381, 1), (23888, 1), (24615, 1), (27160, 1), (27883, 1), (27924, 1), (29505, 1), (29748, 1), (30007, 1), (33980, 1), (34426, 1), (35534, 1), (37092, 1), (38668, 1), (39826, 1), (40187, 1), (41802, 1)]"
Shreveport,"[(14800, 2)]"
Tinguely,"[(27675, 1)]"
scryer,"[(15412, 1)]"
Kuravlyov,"[(6165, 1)]"
incapacitates,"[(1077, 1), (2698, 1), (2715, 1), (3304, 1), (3443, 1), (4848, 1), (5587, 1), (6341, 1), (8700, 1), (10219, 1), (10675, 1), (13343, 1), (17610, 1), (19574, 1), (19845, 1), (20671, 1), (20789, 1), (20972, 1), (21984, 1), (22263, 1), (24216, 1), (26661, 1), (27139, 1), (27330, 1), (27708, 1), (28146, 1), (28759, 1), (28886, 1), (30026, 1), (32585, 1), (32854, 1), (33121, 1), (35166, 1), (35980, 1), (36353, 1), (38151, 1), (40004, 1), (40406, 1), (41089, 1), (41417, 1), (41790, 1)]"
titleMovies,"[(15522, 1)]"
Fideles,"[(20202, 1), (24758, 1)]"
miming,"[(1581, 1), (4156, 1), (6481, 2), (20677, 1), (30691, 1), (31680, 1), (37194, 1)]"
Sequels,"[(13367, 1)]"
Donovans,"[(11757, 4)]"
Durgarasad,"[(21772, 1)]"
Golland,"[(35033, 1)]"
cleaner,"[(652, 1), (685, 1), (1129, 1), (1440, 1), (1786, 1), (3137, 1), (3420, 1), (3804, 1), (4425, 1), (5141, 1), (5275, 1), (5748, 2), (5844, 1), (5954, 1), (6577, 2), (6619, 1), (6696, 1), (6707, 1), (6967, 1), (7256, 1), (7416, 1), (7528, 1), (7602, 1), (7636, 1), (8458, 1), (8586, 1), (9069, 1), (9170, 1), (9521, 1), (9986, 1), (10680, 1), (11044, 1), (11305, 1), (11737, 1), (11870, 1), (12148, 1), (12254, 1), (12651, 1), (13421, 2), (13951, 1), (14219, 1), (14849, 1), (15735, 1), (15800, 1), (15811, 1), (15901, 1), (16296, 1), (16306, 1), (16878, 2), (17113, 1), (17230, 1), (17606, 1), (17795, 1), (17927, 1), (18016, 1), (18092, 2), (18170, 1), (18178, 1), (18702, 1), (18946, 1), (19029, 1), (19097, 1), (19101, 1), (19818, 3), (20161, 2), (20328, 1), (20838, 1), (21125, 1), (21171, 1), (21307, 1), (21874, 1), (22155, 1), (22330, 1), (22436, 1), (22640, 1), (22890, 1), (23039, 1), (23148, 1), (23305, 1), (23458, 1), (23927, 1), (23989, 1), (24103, 1), (24170, 1), (24739, 1), (25018, 2), (25558, 1), (25718, 1), (26207, 1), (26284, 1), (26424, 1), (27317, 1), (27402, 1), (27435, 1), (27710, 1), (27889, 1), (28035, 1), (28429, 1), (28506, 1), (29046, 1), (29380, 1), (29539, 1), (29610, 1), (30528, 1), (30593, 1), (30858, 1), (31149, 1), (31785, 1), (31953, 1), (32568, 1), (33273, 1), (33391, 1), (33734, 1), (34392, 1), (34714, 3), (35210, 1), (35611, 1), (37454, 1), (37592, 1), (37744, 1), (37856, 1), (38353, 1), (38369, 1), (38674, 1), (39449, 1), (39666, 1), (39714, 1), (39811, 1), (40122, 1), (40879, 1), (41092, 1)]"
sunaina,"[(4526, 1)]"
mentorship,"[(119, 1), (27935, 1), (42097, 1)]"
slaughtered,"[(290, 1), (515, 1), (547, 1), (711, 1), (987, 1), (1044, 1), (1066, 1), (1174, 1), (1458, 1), (1835, 1), (2058, 1), (2548, 1), (2617, 1), (2786, 1), (3093, 1), (3101, 1), (3833, 1), (3963, 1), (4202, 1), (4316, 1), (4758, 1), (4837, 1), (5695, 1), (5957, 1), (5963, 1), (6240, 1), (7207, 1), (7653, 1), (7749, 1), (8020, 1), (8204, 1), (8263, 1), (9332, 1), (9512, 1), (9752, 1), (10407, 1), (11346, 1), (11429, 2), (12085, 1), (12736, 1), (13040, 1), (13308, 1), (13563, 1), (13717, 1), (14164, 1), (14475, 1), (15085, 1), (15575, 1), (15844, 1), (17638, 1), (17679, 1), (17804, 1), (18312, 1), (18878, 1), (18935, 1), (18983, 1), (19410, 1), (19412, 1), (19517, 1), (19862, 1), (19924, 2), (20659, 1), (20787, 1), (20997, 1), (21487, 1), (21666, 1), (22175, 1), (22342, 1), (22495, 1), (22520, 1), (22626, 1), (23239, 1), (24195, 1), (25019, 1), (25025, 1), (25551, 1), (25582, 1), (26092, 1), (26616, 1), (26628, 1), (26661, 1), (26721, 1), (26858, 2), (27002, 1), (27491, 1), (27883, 1), (27935, 1), (28073, 1), (28120, 1), (28554, 1), (29403, 1), (29945, 1), (30687, 1), (31281, 1), (32343, 1), (32457, 1), (33129, 1), (33411, 1), (33724, 1), (34294, 3), (35177, 1), (36891, 1), (37158, 1), (37465, 1), (37620, 1), (37675, 1), (38758, 2), (38839, 1), (38959, 1), (40361, 1), (40611, 1), (41257, 1), (41404, 1), (41445, 1), (41660, 1), (41679, 1), (41750, 1), (41752, 1), (42060, 1), (42095, 1), (42186, 1)]"
Boxed,"[(34353, 1)]"
art_aid2009,"[(20200, 1)]"
dominion,"[(8506, 1), (10601, 1), (13685, 2), (14758, 1), (16018, 1), (16328, 1), (17858, 1), (26269, 1), (26441, 1), (26643, 1), (26943, 1), (28086, 1), (31786, 1), (41741, 1)]"
contradicts,"[(5719, 1), (9154, 1), (12116, 1), (19736, 1), (22319, 1), (22501, 1), (25319, 1), (34858, 1), (37262, 1)]"
Dijon,"[(13495, 1), (22613, 1), (31798, 1), (41029, 10)]"
Chuchandra,"[(27651, 2)]"
Malpertuis,"[(35030, 2)]"
bulb,"[(875, 1), (3648, 1), (4086, 5), (4363, 1), (5734, 1), (7864, 1), (13178, 1), (14080, 1), (16235, 1), (18056, 3), (18312, 1), (20931, 1), (21968, 1), (27633, 1), (28991, 1), (29818, 2), (32516, 1), (34714, 1), (34745, 1), (42167, 1)]"
Casillas,"[(18145, 2)]"
smoothy,"[(24985, 1)]"
Littlenut,"[(21527, 1)]"
stagecoaches,"[(7955, 1), (13131, 1), (13138, 1), (17434, 1), (31089, 1), (37399, 1), (40570, 1)]"
bloodsoaked,"[(27589, 1)]"
Ranks,"[(37805, 1)]"
Tamaki,"[(11038, 2)]"
Kongo,"[(24725, 1), (26494, 1), (38841, 2), (39084, 2), (42053, 1)]"
germaphobic,"[(33546, 1)]"
deputed,"[(1586, 1), (23516, 1), (35084, 1), (36075, 1)]"
Quack,"[(4937, 1), (12541, 1), (32736, 1), (42150, 2)]"
GH,"[(10139, 1)]"
planted,"[(236, 1), (565, 1), (1563, 1), (1605, 1), (1704, 1), (1766, 1), (2410, 2), (2461, 1), (2548, 1), (3253, 1), (3343, 1), (3908, 1), (3975, 1), (4020, 1), (4310, 1), (4830, 1), (4915, 1), (5052, 1), (5676, 1), (5807, 1), (5860, 1), (5928, 1), (6304, 1), (6627, 2), (6789, 1), (7092, 1), (7194, 1), (7416, 1), (7569, 2), (7725, 1), (7738, 1), (7927, 1), (7971, 1), (7997, 1), (8200, 2), (8250, 2), (8710, 1), (8965, 1), (8971, 1), (9174, 1), (9319, 1), (9426, 1), (9767, 1), (9925, 1), (9957, 1), (10198, 1), (10408, 1), (10422, 1), (10560, 1), (10673, 1), (10732, 1), (10936, 1), (11064, 1), (11345, 1), (11448, 1), (11587, 1), (11637, 1), (11814, 1), (11892, 1), (12005, 1), (12063, 1), (12235, 1), (12284, 1), (12537, 2), (12577, 1), (12649, 1), (12736, 1), (12924, 1), (12997, 1), (13046, 1), (13273, 1), (13487, 1), (13532, 1), (13630, 1), (14276, 1), (14353, 1), (14500, 1), (14567, 2), (14646, 1), (14678, 1), (14800, 1), (15477, 1), (15651, 1), (15738, 1), (15743, 1), (16483, 1), (16709, 1), (16834, 1), (16903, 2), (17084, 1), (17511, 1), (17884, 1), (17986, 1), (18127, 1), (18241, 1), (18505, 1), (18827, 1), (18845, 1), (18862, 1), (19410, 1), (19601, 1), (19807, 1), (19887, 1), (20139, 1), (20228, 1), (20278, 1), (20595, 2), (20789, 1), (20928, 1), (21522, 1), (21672, 1), (21777, 1), (22001, 2), (22012, 1), (22212, 1), (22446, 1), (22612, 1), (22659, 1), (22952, 1), (23188, 1), (23354, 1), (23596, 1), (23691, 1), (23700, 1), (23815, 1), (24091, 1), (24152, 1), (24238, 1), (24415, 1), (24911, 1), (24986, 1), (25023, 1), (25631, 1), (25681, 1), (25687, 1), (25781, 1), (25797, 1), (25819, 1), (25866, 1), (25872, 1), (25945, 2), (26202, 1), (26432, 1), (26482, 1), (26749, 1), (26832, 1), (26969, 1), (27122, 1), (27160, 1), (27199, 2), (27384, 1), (27500, 1), (27503, 1), (27750, 1), (27792, 1), (28244, 1), (28288, 2), (28291, 1), (28391, 1), (28420, 1), (28546, 1), (28613, 1), (28618, 1), (28688, 1), (28698, 1), (29419, 1), (29585, 1), (29609, 1), (29809, 2), (29811, 1), (29870, 1), (30019, 1), (30113, 1), (30142, 1), (30385, 2), (30577, 1), (30958, 1), (31082, 1), (31123, 1), (31495, 1), (31760, 1), (32164, 1), (32456, 1), (32646, 1), (32672, 2), (32855, 1), (32865, 1), (33251, 1), (33386, 2), (33463, 1), (33733, 2), (34089, 1), (34160, 1), (34189, 1), (34193, 1), (34279, 1), (34330, 1), (34370, 1), (34473, 1), (34678, 1), (35339, 1), (35522, 1), (35707, 1), (35739, 1), (35956, 1), (36016, 1), (36064, 1), (36465, 1), (36729, 1), (36948, 1), (36956, 1), (38237, 1), (38269, 1), (38603, 1), (38604, 3), (38663, 1), (38665, 1), (38724, 1), (39030, 1), (39063, 1), (39147, 1), (39204, 1), (39217, 1), (39494, 1), (39596, 1), (39710, 2), (40048, 1), (40480, 1), (40702, 1), (40863, 1), (41104, 1), (41685, 1), (41908, 1), (42195, 2)]"
thumb,"[(228, 1), (678, 1), (1220, 1), (1571, 1), (2537, 1), (3325, 1), (4016, 1), (4141, 1), (4805, 1), (5347, 1), (7450, 1), (10081, 2), (10757, 1), (11454, 1), (11686, 1), (11697, 1), (12020, 1), (12228, 1), (12399, 1), (13058, 1), (13592, 1), (13727, 1), (14175, 1), (14627, 1), (14675, 1), (14788, 1), (14793, 1), (14892, 1), (15111, 1), (15325, 1), (15411, 1), (15594, 1), (15997, 3), (16388, 1), (16494, 1), (16639, 1), (17128, 1), (18661, 1), (19546, 1), (20341, 1), (20356, 1), (21170, 1), (21708, 7), (21933, 1), (22210, 1), (22898, 1), (23438, 1), (23905, 1), (24547, 2), (25344, 1), (25525, 1), (25997, 1), (26121, 1), (26586, 1), (26864, 1), (26936, 1), (26997, 1), (27516, 1), (27816, 1), (28601, 1), (29687, 1), (30032, 1), (30148, 1), (31045, 1), (32929, 3), (33796, 1), (33971, 1), (35763, 1), (36869, 1), (37117, 1), (37249, 1), (38471, 1), (38662, 1), (39581, 1), (39822, 2), (40291, 1), (40772, 4), (41607, 1), (42027, 1)]"
chargesheet,"[(24217, 1)]"
cumbersome,"[(156, 1), (396, 1), (7424, 1), (16190, 1), (25950, 1), (30567, 1)]"
camporee,"[(7503, 1)]"
Santangelo,"[(9014, 1)]"
gharon,"[(4020, 1)]"
aright,"[(1400, 1)]"
Moines,"[(9891, 1), (20184, 1), (21704, 1), (31034, 1), (32854, 1), (37038, 1), (37654, 1), (41108, 1), (42124, 1)]"
haltingly,"[(10314, 1), (15005, 1)]"
Sontee,"[(710, 5)]"
NewsId,"[(13663, 1)]"
stunt,"[(226, 1), (1143, 1), (1318, 1), (1666, 1), (2442, 2), (3146, 1), (4085, 1), (4221, 2), (4752, 1), (4855, 1), (5366, 1), (5914, 1), (5996, 1), (6297, 2), (6664, 1), (6812, 1), (7113, 1), (7385, 1), (7464, 1), (7517, 3), (7873, 1), (7988, 1), (8005, 8), (8078, 1), (8299, 1), (8378, 1), (8526, 1), (8536, 1), (8930, 1), (9305, 1), (9359, 1), (9374, 1), (9500, 1), (9635, 1), (9885, 1), (10203, 2), (11068, 3), (11678, 1), (11706, 1), (11821, 1), (11968, 1), (12185, 1), (12260, 1), (12478, 2), (12551, 1), (12557, 1), (12757, 3), (13046, 1), (13204, 1), (13278, 1), (13376, 1), (13955, 1), (14546, 1), (14777, 1), (14977, 2), (15363, 1), (15592, 1), (15639, 1), (16480, 1), (16586, 1), (17255, 5), (17666, 1), (17694, 2), (18173, 1), (18264, 1), (18381, 1), (18396, 1), (18661, 1), (19219, 1), (19600, 1), (19957, 2), (19961, 1), (19973, 2), (20099, 1), (20219, 2), (20347, 1), (20509, 1), (20566, 2), (21344, 1), (21668, 3), (21816, 1), (22055, 1), (22227, 3), (22458, 1), (22640, 1), (23294, 1), (23499, 6), (23992, 1), (24053, 1), (24902, 2), (25717, 1), (25755, 1), (25903, 1), (26087, 1), (26124, 1), (26467, 1), (26554, 1), (26978, 1), (26988, 1), (27577, 1), (27622, 1), (27842, 1), (27977, 1), (28732, 1), (29557, 1), (29778, 1), (29874, 1), (30029, 3), (30283, 1), (30650, 1), (30750, 1), (30916, 1), (31036, 1), (31059, 1), (31090, 1), (32564, 1), (32899, 1), (32927, 3), (33245, 2), (33328, 1), (33614, 1), (33890, 1), (33968, 1), (34404, 1), (34414, 1), (34476, 2), (34524, 1), (34636, 1), (34707, 1), (34738, 1), (34850, 1), (34886, 1), (35252, 1), (35916, 1), (36088, 1), (36297, 1), (36639, 1), (36702, 3), (36910, 3), (37095, 1), (37479, 1), (37480, 1), (37503, 1), (37554, 1), (37577, 1), (37610, 1), (38133, 1), (38269, 1), (39077, 2), (39156, 1), (39305, 1), (39620, 1), (39626, 1), (39685, 1), (39838, 1), (39914, 1), (40202, 1), (40275, 1), (40322, 1), (40701, 1), (40724, 2), (40852, 1), (40877, 1), (41213, 1), (41404, 2), (41554, 1), (41864, 2), (42175, 2)]"
Lingyu,"[(26141, 1), (29759, 1)]"
Pralay,"[(4154, 6), (10618, 1)]"
steadfast,"[(1832, 1), (3325, 1), (5439, 1), (5788, 1), (5836, 1), (7513, 1), (8520, 1), (8821, 1), (9964, 1), (10989, 1), (11058, 1), (14780, 1), (17707, 1), (18885, 1), (19981, 1), (25995, 1), (26282, 1), (28205, 1), (28462, 1), (31370, 1), (31497, 1), (31928, 1), (33299, 1), (33587, 1), (35213, 1), (35507, 1), (35941, 1), (36328, 1), (36590, 1), (36767, 1), (36791, 1), (38255, 1), (38872, 1), (39822, 1), (41381, 1)]"
reburying,"[(18941, 1)]"
rooftop,"[(8, 1), (122, 2), (827, 1), (846, 1), (1440, 2), (1493, 1), (1872, 1), (2374, 2), (2410, 1), (2879, 3), (2995, 1), (3248, 1), (3323, 1), (3920, 1), (4264, 1), (4828, 1), (4836, 2), (5007, 1), (5391, 1), (5609, 1), (6465, 2), (6627, 1), (6844, 2), (7171, 1), (7569, 1), (7864, 1), (7941, 1), (8014, 1), (8223, 1), (8460, 2), (8658, 1), (9043, 1), (9422, 1), (9561, 1), (10230, 1), (10355, 1), (10673, 1), (10955, 1), (11120, 1), (11256, 1), (11572, 1), (11678, 2), (11692, 1), (11972, 1), (12058, 1), (12278, 2), (12572, 1), (12671, 2), (12855, 2), (12856, 2), (13217, 1), (13222, 4), (13310, 1), (13661, 1), (13900, 1), (14363, 1), (14747, 1), (14777, 1), (15039, 1), (15379, 1), (15529, 1), (15745, 1), (15779, 2), (15957, 1), (16141, 1), (16232, 1), (16559, 1), (16984, 1), (17083, 1), (17362, 1), (17608, 1), (17664, 1), (18127, 3), (18651, 1), (18773, 1), (18827, 1), (18862, 1), (19206, 1), (19289, 1), (19347, 1), (19498, 1), (19905, 2), (19956, 1), (20081, 1), (20286, 1), (20325, 1), (20476, 1), (20539, 1), (20926, 1), (21062, 1), (21263, 1), (21344, 2), (21416, 1), (21701, 1), (21999, 3), (22358, 1), (22378, 1), (22391, 1), (22397, 1), (22418, 1), (22520, 1), (22694, 1), (22939, 1), (23761, 1), (24099, 2), (24193, 1), (24269, 1), (24432, 1), (24964, 1), (25311, 1), (25415, 1), (25597, 3), (25812, 1), (25869, 2), (26179, 1), (26514, 1), (26692, 1), (26840, 1), (26917, 1), (27199, 2), (27697, 1), (27755, 1), (27773, 1), (27791, 1), (27830, 1), (27841, 1), (28095, 2), (28121, 1), (28173, 1), (28515, 1), (28851, 1), (29214, 1), (30142, 1), (30304, 1), (31273, 1), (31429, 1), (31517, 1), (31527, 1), (31534, 1), (31789, 1), (32681, 1), (32763, 1), (32793, 1), (33350, 1), (33386, 1), (33702, 2), (33733, 1), (33928, 1), (34243, 1), (34259, 1), (34909, 1), (35154, 1), (35375, 1), (35386, 1), (35602, 1), (35808, 1), (36536, 1), (36554, 1), (36719, 1), (36786, 1), (37075, 1), (37165, 1), (37280, 1), (37787, 1), (38005, 1), (38485, 1), (38634, 1), (38827, 1), (39165, 1), (39308, 1), (39767, 1), (39958, 1), (40212, 1), (40382, 1), (40548, 1), (41095, 1), (41213, 1), (41220, 1), (41499, 1), (41501, 1), (41784, 1), (41867, 1)]"
